Daniel Kwak push up,,,,
time,wx,wy,wz,
1.00759220123291,0.33,-0.01,0.55,
1.01772022247314,0.46,0.07,0.46,
1.02748012542725,0.62,0.21,0.37,
1.03735303878784,0.8,0.27,0.27,
1.04747533798218,0.96,0.23,0.2,
1.06544923782349,0.99,0.12,0.14,
1.06791734695435,0.94,-0.05,0.17,
1.07689523696899,0.9,-0.28,0.34,
1.08686113357544,0.99,-0.53,0.51,
1.09685516357422,1.22,-0.76,0.67,
1.10711908340454,1.4,-0.91,0.83,
1.11677718162537,1.47,-0.94,0.98,
1.12676215171814,1.34,-0.79,1.12,
1.13653922080994,1.18,-0.42,1.29,
1.14695024490356,1.22,0.05,1.41,
1.16459321975708,1.41,0.38,1.43,
1.16698312759399,1.67,0.5,1.39,
1.17623901367188,1.71,0.4,1.33,
1.18613624572754,1.53,0.27,1.36,
1.19630908966064,1.33,0.37,1.48,
1.20607113838196,1.28,0.84,1.5,
1.21595430374146,1.37,1.59,1.36,
1.22604513168335,1.45,2.18,1.04,
1.23606419563293,1.37,2.24,0.62,
1.24598121643066,1.14,1.75,0.31,
1.26229906082153,1.01,0.92,0.22,
1.26553416252136,1.03,0.02,0.25,
1.27530217170715,1.24,-0.73,0.28,
1.28541016578674,1.22,-1.17,0.17,
1.29536533355713,1.03,-1.21,0,
1.30521512031555,0.85,-1.06,-0.04,
1.31524705886841,0.76,-0.83,0.08,
1.32562017440796,0.63,-0.68,0.29,
1.33511519432068,0.49,-0.64,0.51,
1.34522318840027,0.33,-0.6,0.76,
1.36150121688843,0.2,-0.47,0.98,
1.36462116241455,0.09,-0.22,1.05,
1.37464022636414,0.09,0.23,1.05,
1.38463115692139,0.09,0.95,1.07,
1.39463329315186,0.12,1.73,1.01,
1.40445613861084,0.1,2.37,0.75,
1.41472005844116,-0.04,2.58,0.38,
1.42446708679199,-0.25,2.07,0.13,
1.4342360496521,-0.49,0.9,0.07,
1.44489121437073,-0.62,-0.53,0.13,
1.4592342376709,-0.57,-1.66,0.16,
1.46400713920593,-0.31,-2.05,0.07,
1.47394227981567,-0.09,-1.55,-0.16,
1.48407220840454,-0.02,-0.47,-0.53,
1.49392223358154,-0.15,0.63,-0.77,
1.50405812263489,-0.3,1.09,-0.7,
1.51374626159668,-0.43,0.71,-0.47,
1.5237512588501,-0.51,-0.28,-0.14,
1.53354406356812,-0.46,-1.31,0.17,
1.544358253479,-0.28,-1.73,0.34,
1.55856609344482,-0.04,-1.17,0.33,
1.56335115432739,0.05,0.27,0.18,
1.57329320907593,0.07,2.03,-0.11,
1.58324003219605,0.04,3.07,-0.41,
1.59343814849854,0.01,2.97,-0.54,
1.60403633117676,-0.03,1.83,-0.48,
1.61316919326782,-0.07,0.2,-0.31,
1.6231381893158,-0.09,-1.18,-0.18,
1.63299918174744,-0.02,-1.78,-0.2,
1.64303731918335,0.1,-1.54,-0.29,
1.65389823913574,0.14,-0.73,-0.43,
1.67128610610962,0.14,0.16,-0.61,
1.67325115203857,0,0.76,-0.61,
1.68281722068787,-0.08,0.81,-0.37,
1.69233226776123,-0.11,0.45,-0.07,
1.70240926742554,-0.1,-0.04,0.14,
1.71250629425049,-0.06,-0.38,0.27,
1.72236919403076,-0.04,-0.34,0.34,
1.73218631744385,-0.09,0.03,0.34,
1.74234223365784,-0.12,0.45,0.24,
1.75342130661011,-0.11,0.67,0.15,
1.76914715766907,-0.04,0.59,0.1,
1.77195024490356,0.05,0.37,0.08,
1.78173303604126,0.14,0.16,0.07,
1.7917160987854,0.23,0.08,0.04,
1.80163431167603,0.28,0.06,-0.05,
1.81150722503662,0.24,-0.05,-0.13,
1.82162427902222,0.08,-0.34,-0.18,
1.83141231536865,-0.05,-0.7,-0.19,
1.84163212776184,-0.07,-0.91,-0.16,
1.85374712944031,-0.01,-0.84,-0.06,
1.86746025085449,0.08,-0.58,0.07,
1.87091302871704,0.07,-0.23,0.2,
1.88125920295715,-0.01,0.02,0.25,
1.8909182548523,-0.14,0.08,0.27,
1.90085029602051,-0.22,-0.02,0.35,
1.91088223457336,-0.3,-0.22,0.45,
1.92090916633606,-0.33,-0.41,0.52,
1.93064618110657,-0.33,-0.48,0.57,
1.9408061504364,-0.32,-0.37,0.61,
1.95175814628601,-0.32,-0.15,0.6,
1.96715927124023,-0.31,0.1,0.53,
1.97031116485596,-0.33,0.36,0.45,
1.98036813735962,-0.35,0.55,0.37,
1.99022531509399,-0.34,0.64,0.28,
2.00019502639771,-0.33,0.6,0.15,
2.01005911827087,-0.37,0.32,0.01,
2.0200412273407,-0.41,-0.18,-0.07,
2.0299072265625,-0.41,-0.69,-0.1,
2.0404200553894,-0.39,-0.93,-0.14,
2.04993915557861,-0.35,-0.78,-0.22,
2.06625699996948,-0.33,-0.33,-0.34,
2.06946015357971,-0.32,0.16,-0.46,
2.07973003387451,-0.29,0.39,-0.53,
2.08958101272583,-0.23,0.28,-0.55,
2.09935212135315,-0.23,-0.01,-0.51,
2.10940504074097,-0.28,-0.3,-0.49,
2.1192581653595,-0.27,-0.42,-0.5,
2.12959313392639,-0.25,-0.31,-0.53,
2.13928508758545,-0.27,-0.06,-0.57,
2.14928913116455,-0.29,0.13,-0.6,
2.16519117355347,-0.31,0.2,-0.66,
2.1686840057373,-0.33,0.12,-0.7,
2.17900323867798,-0.35,-0.09,-0.66,
2.18877506256104,-0.37,-0.24,-0.61,
2.19858503341675,-0.41,-0.19,-0.62,
2.20857810974121,-0.41,0,-0.68,
2.21886420249939,-0.4,0.19,-0.73,
2.22845125198364,-0.38,0.24,-0.77,
2.23845624923706,-0.45,0.17,-0.79,
2.24850225448608,-0.56,0.05,-0.77,
2.26392602920532,-0.6,-0.05,-0.76,
2.26802110671997,-0.63,-0.04,-0.78,
2.27820110321045,-0.69,-0.01,-0.82,
2.28811407089233,-0.79,-0.06,-0.82,
2.29818630218506,-0.91,-0.18,-0.78,
2.30819225311279,-1.01,-0.31,-0.71,
2.31784009933472,-1.07,-0.37,-0.63,
2.32781410217285,-1.07,-0.3,-0.61,
2.33781433105469,-1.06,-0.17,-0.63,
2.34780931472778,-1.12,-0.04,-0.67,
2.36532616615295,-1.21,0,-0.62,
2.36808109283447,-1.23,-0.12,-0.47,
2.37757921218872,-1.19,-0.29,-0.32,
2.38726234436035,-1.12,-0.42,-0.25,
2.39765501022339,-1.06,-0.43,-0.27,
2.40713715553284,-1.04,-0.33,-0.33,
2.41803121566772,-1,-0.17,-0.38,
2.42724609375,-0.92,-0.05,-0.4,
2.4371452331543,-0.81,0.04,-0.36,
2.44711828231812,-0.66,0.01,-0.29,
2.4580192565918,-0.48,-0.22,-0.22,
2.47528409957886,-0.25,-0.51,-0.13,
2.47774410247803,-0.07,-0.74,-0.03,
2.48685121536255,0.13,-0.75,0.12,
2.49647617340088,0.37,-0.54,0.25,
2.50652933120728,0.63,-0.11,0.34,
2.51638913154602,0.87,0.35,0.41,
2.52628707885742,1.01,0.61,0.51,
2.5364031791687,1.03,0.58,0.61,
2.54636001586914,0.94,0.48,0.67,
2.55734419822693,0.82,0.48,0.7,
2.57435011863709,0.88,0.51,0.73,
2.57687902450562,1.17,0.4,0.78,
2.58577013015747,1.46,0.12,0.77,
2.59594106674194,1.52,-0.24,0.62,
2.60579419136047,1.18,-0.43,0.53,
2.61579704284668,0.87,-0.26,0.58,
2.62582612037659,0.96,0.06,0.66,
2.63570523262024,1.25,0.37,0.72,
2.64562320709229,1.55,0.44,0.76,
2.65568113327026,1.47,0.21,0.61,
2.67294931411743,1.21,-0.07,0.39,
2.67572617530823,1.01,-0.14,0.37,
2.68507623672485,0.97,-0.07,0.47,
2.69519329071045,1.14,0,0.6,
2.70508623123169,1.21,-0.08,0.73,
2.71502733230591,1.11,-0.28,0.73,
2.72482204437256,1.05,-0.37,0.57,
2.73503828048706,0.98,-0.21,0.3,
2.74492716789246,0.85,0.04,0.13,
2.75514125823975,0.71,0.09,0.25,
2.77228212356567,0.56,-0.16,0.55,
2.7750940322876,0.43,-0.42,0.8,
2.78420734405518,0.42,-0.31,0.91,
2.79451513290405,0.47,0.3,0.75,
2.80429935455322,0.65,1.29,0.48,
2.81442928314209,0.66,2.1,0.31,
2.82409429550171,0.57,2.26,0.14,
2.83402299880981,0.39,1.73,-0.01,
2.84400224685669,0.11,0.78,0.01,
2.85381507873535,0.01,-0.22,0.08,
2.86904621124268,0.08,-0.87,0.07,
2.87374830245972,0.17,-1.04,-0.06,
2.88386726379395,0.27,-0.96,-0.24,
2.89373731613159,0.22,-0.84,-0.35,
2.90347623825073,0.05,-0.73,-0.28,
2.91356801986694,-0.12,-0.6,-0.08,
2.92343521118164,-0.23,-0.43,0.18,
2.93339514732361,-0.31,-0.29,0.44,
2.94346714019775,-0.35,-0.16,0.59,
2.95343613624573,-0.32,0.16,0.63,
2.97042012214661,-0.3,0.64,0.63,
2.97362804412842,-0.19,1.2,0.58,
2.98293924331665,-0.02,1.65,0.43,
2.99297213554382,0.05,1.87,0.17,
3.00275802612305,-0.01,1.69,-0.06,
3.01285600662231,-0.11,1.11,-0.23,
3.02286529541016,-0.23,0.3,-0.31,
3.03257608413696,-0.35,-0.57,-0.32,
3.04276013374329,-0.41,-1.26,-0.29,
3.05490827560425,-0.44,-1.53,-0.26,
3.06969523429871,-0.43,-1.34,-0.23,
3.07258319854736,-0.46,-0.72,-0.2,
3.08217716217041,-0.54,0.11,-0.16,
3.09228515625,-0.56,0.75,-0.1,
3.10197615623474,-0.48,1.05,0.01,
3.11242818832397,-0.4,0.98,0.09,
3.12197732925415,-0.34,0.64,0.15,
3.13182926177979,-0.26,0.25,0.17,
3.14197421073914,-0.13,0.06,0.09,
3.15189599990845,-0.06,0.19,-0.1,
3.16967630386353,-0.06,0.4,-0.28,
3.17177200317383,-0.04,0.44,-0.36,
3.1813862323761,0.06,0.27,-0.4,
3.19160509109497,0.14,-0.08,-0.43,
3.20163822174072,0.11,-0.5,-0.34,
3.21140813827515,0.04,-0.83,-0.18,
3.22109222412109,0,-0.92,-0.05,
3.23117303848267,-0.02,-0.67,0.05,
3.24127912521362,-0.03,-0.22,0.12,
3.25120401382446,0,0.22,0.15,
3.26214504241943,0.05,0.47,0.14,
3.27861833572388,0.09,0.48,0.11,
3.28113508224487,0.11,0.32,0.1,
3.2910590171814,0.16,0.05,0.09,
3.30057525634766,0.17,-0.28,0.07,
3.31078219413757,0.16,-0.61,0.08,
3.32069301605225,0.16,-0.84,0.11,
3.33068227767944,0.18,-0.89,0.13,
3.34033203125,0.18,-0.74,0.17,
3.35026407241821,0.16,-0.47,0.22,
3.36146712303162,0.12,-0.21,0.29,
3.37790417671204,0.07,-0.06,0.36,
3.38040733337402,0.03,-0.05,0.41,
3.39020013809204,0.01,-0.07,0.46,
3.39984226226807,0,0.01,0.46,
3.40999817848206,0.05,0.29,0.42,
3.41962814331055,0.11,0.66,0.31,
3.42978811264038,0.18,0.95,0.13,
3.43970632553101,0.21,0.98,-0.07,
3.44956612586975,0.19,0.66,-0.25,
3.45972013473511,0.13,0.12,-0.37,
3.4764232635498,0.05,-0.45,-0.47,
3.47929215431213,0.03,-0.89,-0.54,
3.48932600021362,0.06,-1.11,-0.58,
3.49907422065735,0.06,-1.09,-0.57,
3.50929522514343,0.02,-0.88,-0.52,
3.51923131942749,0,-0.56,-0.47,
3.52909326553345,-0.01,-0.23,-0.41,
3.53895235061646,-0.05,0,-0.36,
3.54879522323608,-0.1,0.09,-0.28,
3.55924320220947,-0.16,0.11,-0.17,
3.57532715797424,-0.16,0.19,-0.08,
3.57836008071899,-0.16,0.38,-0.06,
3.58868408203125,-0.18,0.6,-0.15,
3.59847402572632,-0.21,0.74,-0.29,
3.60875821113586,-0.27,0.74,-0.42,
3.61822509765625,-0.35,0.6,-0.56,
3.62836813926697,-0.46,0.34,-0.69,
3.63829112052918,-0.55,0,-0.76,
3.64835715293884,-0.65,-0.36,-0.74,
3.65831422805786,-0.72,-0.69,-0.68,
3.67637634277344,-0.79,-0.88,-0.65,
3.67876625061035,-0.87,-0.9,-0.63,
3.68798303604126,-0.97,-0.84,-0.6,
3.69772815704346,-1.03,-0.78,-0.57,
3.70781326293945,-1.1,-0.63,-0.49,
3.71759819984436,-1.21,-0.29,-0.4,
3.72794413566589,-1.26,0.19,-0.33,
3.7377552986145,-1.27,0.61,-0.34,
3.74765825271606,-1.26,0.78,-0.42,
3.75754523277283,-1.29,0.59,-0.54,
3.77536821365356,-1.34,0.12,-0.62,
3.77784013748169,-1.39,-0.38,-0.63,
3.78705024719238,-1.38,-0.72,-0.61,
3.79699611663818,-1.33,-0.84,-0.6,
3.80716609954834,-1.25,-0.8,-0.62,
3.81683921813965,-1.14,-0.7,-0.65,
3.82712817192078,-1.01,-0.58,-0.64,
3.83668518066406,-0.85,-0.49,-0.58,
3.84692215919495,-0.66,-0.42,-0.47,
3.85683107376099,-0.44,-0.35,-0.32,
3.87386918067932,-0.22,-0.36,-0.18,
3.87633514404297,0,-0.45,-0.07,
3.88640522956848,0.21,-0.54,0.07,
3.89636516571045,0.31,-0.56,0.27,
3.906405210495,0.42,-0.43,0.48,
3.91638922691345,0.57,-0.15,0.6,
3.92622423171997,0.75,0.24,0.66,
3.93596506118774,0.9,0.59,0.67,
3.946120262146,1.02,0.83,0.64,
3.95609712600708,1.06,0.9,0.67,
3.97313833236694,0.96,0.79,0.74,
3.9760103225708,0.99,0.53,0.79,
3.98564529418945,1.21,0.24,0.8,
3.99564218521118,1.41,-0.01,0.73,
4.00584220886231,1.57,-0.18,0.56,
4.01537132263184,1.4,-0.22,0.56,
4.02541208267212,0.97,-0.25,0.78,
4.03546118736267,0.92,-0.27,1.03,
4.04546403884888,1.11,-0.19,1.13,
4.05536031723023,1.39,0.13,1.02,
4.06628322601318,1.58,0.6,0.81,
4.08327627182007,1.41,1.05,0.74,
4.08560419082642,1.01,1.25,0.9,
4.09501218795776,0.88,1.21,1.03,
4.10488128662109,0.92,1.07,0.96,
4.11464715003967,1,0.77,0.68,
4.12474632263184,1.01,0.29,0.35,
4.13461422920227,0.81,-0.2,0.28,
4.1448540687561,0.6,-0.52,0.56,
4.15474820137024,0.56,-0.54,0.86,
4.16467809677124,0.63,-0.33,0.81,
4.18246221542358,0.74,-0.01,0.42,
4.18503332138062,0.74,0.28,0.1,
4.19422626495361,0.55,0.33,-0.02,
4.20420813560486,0.36,0.19,0.09,
4.21391201019287,0.11,-0.03,0.33,
4.22395706176758,0.03,-0.34,0.5,
4.23378229141235,0.1,-0.55,0.61,
4.24390411376953,0.17,-0.45,0.63,
4.25367307662964,0.2,-0.06,0.47,
4.26575922966003,0.18,0.46,0.27,
4.28027725219727,0.14,0.95,0.09,
4.28351831436157,0.08,1.23,0.03,
4.2933042049408,-0.07,1.1,0.02,
4.3034520149231,-0.2,0.54,0.04,
4.31327104568481,-0.32,-0.2,0.16,
4.32325506210327,-0.33,-0.71,0.21,
4.33300399780273,-0.25,-0.75,0.08,
4.3431282043457,-0.18,-0.44,-0.05,
4.35342311859131,-0.11,0.02,-0.11,
4.36340117454529,-0.06,0.49,-0.17,
4.38029623031616,-0.09,0.71,-0.24,
4.38311910629273,-0.08,0.55,-0.23,
4.39261817932129,-0.12,0.2,-0.1,
4.40270900726318,-0.2,-0.2,0.04,
4.41255021095276,-0.26,-0.44,0.13,
4.42251920700073,-0.28,-0.36,0.12,
4.43234729766846,-0.16,-0.01,0.05,
4.4424090385437,-0.08,0.49,-0.06,
4.4526891708374,-0.19,0.84,-0.17,
4.46238613128662,-0.26,0.8,-0.2,
4.47912406921387,-0.28,0.6,-0.23,
4.48187732696533,-0.25,0.35,-0.24,
4.49209213256836,-0.3,0.08,-0.2,
4.50179100036621,-0.43,-0.25,-0.19,
4.51181221008301,-0.51,-0.55,-0.17,
4.521888256073,-0.55,-0.67,-0.07,
4.53168201446533,-0.49,-0.54,0.02,
4.54158735275269,-0.39,-0.16,0.08,
4.55165004730225,-0.28,0.29,0.06,
4.56176018714905,-0.2,0.62,0.09,
4.57856702804565,-0.1,0.67,0.11,
4.58181619644165,0,0.48,0.09,
4.59127116203308,0.05,0.11,0.06,
4.60106611251831,0.05,-0.35,0.05,
4.61124706268311,0.09,-0.67,0.03,
4.62104320526123,0.17,-0.69,-0.01,
4.63088703155518,0.23,-0.45,-0.05,
4.64095211029053,0.3,-0.14,-0.08,
4.65074300765991,0.33,0.1,-0.09,
4.66106605529785,0.32,0.2,-0.08,
4.67794132232666,0.28,0.17,-0.05,
4.6807861328125,0.29,0.1,-0.04,
4.69061923027039,0.31,-0.05,-0.04,
4.70040321350098,0.33,-0.29,-0.03,
4.71067619323731,0.31,-0.5,-0.01,
4.72043514251709,0.3,-0.56,0,
4.73011016845703,0.28,-0.42,0,
4.74017000198364,0.27,-0.17,-0.02,
4.75037217140198,0.23,0,-0.02,
4.76054811477661,0.18,-0.01,0.03,
4.77780532836914,0.12,-0.14,0.1,
4.78053021430969,0.06,-0.28,0.14,
4.78973627090454,0,-0.32,0.15,
4.7999541759491,-0.03,-0.26,0.12,
4.80971908569336,-0.04,-0.1,0.12,
4.81964421272278,-0.06,0.13,0.08,
4.829430103302,-0.04,0.33,0.03,
4.83969211578369,-0.03,0.44,-0.01,
4.84966802597046,-0.1,0.4,-0.04,
4.85953116416931,-0.2,0.15,-0.1,
4.87028026580811,-0.25,-0.2,-0.14,
4.88605928421021,-0.29,-0.48,-0.15,
4.88877534866333,-0.29,-0.62,-0.16,
4.89900922775269,-0.25,-0.61,-0.18,
4.90880823135376,-0.24,-0.48,-0.18,
4.91890811920166,-0.27,-0.28,-0.18,
4.9287600517273,-0.24,-0.07,-0.22,
4.93903732299805,-0.2,0.14,-0.24,
4.94852733612061,-0.2,0.25,-0.22,
4.95882034301758,-0.21,0.22,-0.21,
4.96938228607178,-0.21,0.07,-0.22,
4.98535633087158,-0.18,-0.1,-0.25,
4.98907709121704,-0.14,-0.18,-0.3,
4.99827122688294,-0.12,-0.18,-0.34,
5.00822401046753,-0.15,-0.08,-0.38,
5.01798534393311,-0.18,0.09,-0.38,
5.02828121185303,-0.19,0.29,-0.41,
5.03826117515564,-0.2,0.42,-0.47,
5.04794120788574,-0.25,0.34,-0.5,
5.05805826187134,-0.32,0.03,-0.54,
5.06771516799927,-0.39,-0.37,-0.55,
5.08465814590454,-0.49,-0.6,-0.53,
5.08764505386353,-0.55,-0.55,-0.51,
5.09749126434326,-0.61,-0.25,-0.5,
5.10758209228516,-0.66,0.1,-0.53,
5.11747121810913,-0.74,0.28,-0.54,
5.12739133834839,-0.78,0.16,-0.53,
5.13735818862915,-0.8,-0.15,-0.52,
5.14707016944885,-0.83,-0.41,-0.51,
5.15745115280151,-0.88,-0.48,-0.51,
5.16716814041138,-0.92,-0.24,-0.5,
5.18304300308228,-0.95,0.22,-0.55,
5.18681526184082,-0.93,0.7,-0.66,
5.19667816162109,-0.93,0.87,-0.8,
5.2068510055542,-0.99,0.59,-0.92,
5.2166690826416,-1.07,-0.01,-0.97,
5.22660112380981,-1.1,-0.63,-0.93,
5.23665809631348,-1.08,-0.98,-0.85,
5.2465991973877,-1.03,-0.98,-0.8,
5.25662016868591,-0.99,-0.73,-0.77,
5.26649117469788,-0.97,-0.42,-0.75,
5.28315734863281,-0.92,-0.2,-0.7,
5.28596520423889,-0.81,-0.07,-0.59,
5.29619121551514,-0.66,-0.06,-0.4,
5.30602502822876,-0.47,-0.14,-0.23,
5.31590604782105,-0.34,-0.3,-0.11,
5.32588529586792,-0.26,-0.48,-0.06,
5.33590316772461,-0.21,-0.62,-0.02,
5.34592819213867,-0.1,-0.56,0.06,
5.35592603683472,0.07,-0.32,0.16,
5.36551904678345,0.29,-0.03,0.25,
5.38288617134094,0.54,0.19,0.35,
5.3863730430603,0.73,0.21,0.44,
5.39545822143555,0.85,0.09,0.53,
5.40536212921143,0.92,-0.06,0.57,
5.41523504257202,1.02,-0.08,0.52,
5.42542409896851,1.14,0.11,0.46,
5.4350700378418,1.14,0.32,0.52,
5.44513607025147,1.13,0.37,0.62,
5.45518612861633,1.2,0.24,0.69,
5.46502828598023,1.21,0.02,0.68,
5.482666015625,1.17,-0.08,0.61,
5.4853572845459,1.07,-0.04,0.57,
5.49454402923584,0.98,0.01,0.66,
5.50457000732422,0.96,-0.03,0.86,
5.51468229293823,1.04,-0.19,1.1,
5.52443027496338,1.03,-0.33,1.2,
5.53438115119934,0.93,-0.36,1.1,
5.54443025588989,0.81,-0.27,0.95,
5.55446004867554,0.77,-0.12,0.92,
5.56532907485962,0.85,0,0.99,
5.58149003982544,0.81,0.1,1.11,
5.58385133743286,0.64,0.13,1.21,
5.5939040184021,0.58,0.15,1.21,
5.60408020019531,0.67,0.35,1.07,
5.61376523971558,0.78,0.61,0.83,
5.62372422218323,0.8,0.65,0.65,
5.63359522819519,0.61,0.36,0.68,
5.64373111724854,0.44,0,0.78,
5.6537561416626,0.45,-0.04,0.82,
5.66345500946045,0.54,0.28,0.73,
5.67459321022034,0.64,0.7,0.49,
5.69154930114746,0.6,0.86,0.22,
5.69398713111877,0.41,0.53,0.15,
5.70323014259338,0.31,-0.02,0.23,
5.71309018135071,0.33,-0.38,0.23,
5.72301006317139,0.34,-0.35,0.19,
5.73295402526856,0.35,-0.02,0.11,
5.74296712875366,0.38,0.36,0,
5.75298833847046,0.36,0.52,-0.17,
5.76410531997681,0.25,0.34,-0.24,
5.77397108078003,0.08,-0.05,-0.15,
5.78987812995911,0.04,-0.26,0.02,
5.79238820075989,0.05,-0.09,0.05,
5.80241203308106,0.13,0.32,-0.02,
5.81232213973999,0.19,0.71,-0.08,
5.82239007949829,0.2,0.84,-0.14,
5.83227515220642,0.15,0.6,-0.19,
5.84207534790039,0.01,0.12,-0.16,
5.85225629806519,-0.21,-0.35,-0.04,
5.86206722259522,-0.3,-0.54,0.08,
5.87321519851685,-0.31,-0.25,0.17,
5.88965320587158,-0.3,0.27,0.25,
5.89213418960571,-0.28,0.67,0.33,
5.90174007415772,-0.33,0.72,0.44,
5.91159415245056,-0.44,0.37,0.58,
5.92181515693665,-0.47,-0.07,0.69,
5.93133211135864,-0.52,-0.07,0.69,
5.94128131866455,-0.52,0.45,0.59,
5.95143818855286,-0.41,1.24,0.41,
5.96136212348938,-0.33,1.76,0.12,
5.97247409820557,-0.35,1.56,-0.11,
5.98862409591675,-0.39,0.68,-0.19,
5.99116802215576,-0.43,-0.41,-0.21,
6.0008282661438,-0.43,-1.05,-0.24,
6.01082134246826,-0.35,-0.95,-0.28,
6.02084517478943,-0.26,-0.35,-0.39,
6.03072834014893,-0.19,0.25,-0.47,
6.04058122634888,-0.19,0.49,-0.45,
6.05068421363831,-0.22,0.25,-0.33,
6.06063508987427,-0.19,-0.15,-0.18,
6.0707483291626,-0.12,-0.35,-0.07,
6.08805418014526,-0.03,-0.24,-0.05,
6.09055018424988,0.1,0.03,-0.09,
6.10020017623901,0.19,0.23,-0.08,
6.11021327972412,0.27,0.27,-0.08,
6.12017321586609,0.35,0.19,-0.09,
6.12996220588684,0.38,0.08,-0.09,
6.14016628265381,0.36,-0.08,-0.1,
6.14977216720581,0.33,-0.29,-0.1,
6.15981912612915,0.33,-0.48,-0.09,
6.16997528076172,0.34,-0.6,-0.04,
6.18806505203247,0.38,-0.59,0.02,
6.19045305252075,0.36,-0.47,0.1,
6.19938325881958,0.3,-0.35,0.17,
6.20956420898438,0.26,-0.25,0.25,
6.21939325332642,0.23,-0.12,0.34,
6.2294602394104,0.23,0.05,0.43,
6.24007415771484,0.24,0.23,0.48,
6.2491512298584,0.24,0.37,0.46,
6.25910425186157,0.23,0.45,0.36,
6.26928234100342,0.19,0.42,0.23,
6.28786420822144,0.13,0.27,0.15,
6.29027819633484,0.11,-0.01,0.05,
6.29863214492798,0.12,-0.26,-0.06,
6.30885124206543,0.15,-0.38,-0.14,
6.31890630722046,0.23,-0.34,-0.21,
6.32847309112549,0.32,-0.18,-0.31,
6.33867025375366,0.35,0.02,-0.41,
6.34866118431091,0.31,0.16,-0.49,
6.3584771156311,0.22,0.18,-0.57,
6.36853408813477,0.13,0.04,-0.63,
6.38616132736206,0.04,-0.25,-0.64,
6.38850617408752,-0.1,-0.57,-0.6,
6.39788222312927,-0.21,-0.84,-0.52,
6.40832424163818,-0.25,-0.92,-0.41,
6.41827630996704,-0.27,-0.78,-0.32,
6.42793703079224,-0.27,-0.47,-0.28,
6.43778014183044,-0.25,-0.05,-0.24,
6.44769215583801,-0.26,0.41,-0.19,
6.45779323577881,-0.28,0.77,-0.21,
6.4677300453186,-0.31,0.89,-0.3,
6.47869300842285,-0.38,0.72,-0.37,
6.49496412277222,-0.46,0.28,-0.4,
6.49777722358704,-0.5,-0.25,-0.42,
6.50741100311279,-0.54,-0.61,-0.47,
6.51714515686035,-0.53,-0.71,-0.54,
6.52715516090393,-0.52,-0.62,-0.6,
6.53695726394653,-0.52,-0.38,-0.62,
6.54711627960205,-0.58,-0.08,-0.64,
6.55697202682495,-0.63,0.1,-0.65,
6.56698417663574,-0.66,0.08,-0.65,
6.57786130905151,-0.68,-0.08,-0.65,
6.59351634979248,-0.68,-0.26,-0.66,
6.59642815589905,-0.65,-0.31,-0.67,
6.60654520988464,-0.64,-0.11,-0.69,
6.61644816398621,-0.65,0.26,-0.76,
6.62644219398499,-0.67,0.57,-0.87,
6.6363320350647,-0.72,0.63,-0.97,
6.64619731903076,-0.77,0.27,-1.02,
6.65618324279785,-0.85,-0.37,-1,
6.66607713699341,-0.94,-0.98,-0.97,
6.67628622055054,-0.99,-1.26,-0.94,
6.69220614433289,-1.02,-1.06,-0.9,
6.69552230834961,-1.03,-0.5,-0.87,
6.70598912239075,-0.99,0.16,-0.86,
6.71568918228149,-1,0.64,-0.85,
6.72575807571411,-1.02,0.74,-0.84,
6.73562121391296,-1.1,0.43,-0.83,
6.74548721313477,-1.13,-0.01,-0.82,
6.75547504425049,-1.15,-0.31,-0.85,
6.76561617851257,-1.07,-0.34,-0.88,
6.77543616294861,-0.96,-0.18,-0.92,
6.79198503494263,-0.89,0.09,-0.96,
6.79527115821838,-0.95,0.26,-0.95,
6.80527019500732,-1.13,0.21,-0.91,
6.81488919258118,-1.28,0.06,-0.84,
6.82502722740173,-1.24,-0.09,-0.77,
6.83489513397217,-1.08,-0.18,-0.72,
6.8447413444519,-0.87,-0.23,-0.7,
6.85500526428223,-0.63,-0.29,-0.69,
6.86457300186157,-0.33,-0.4,-0.58,
6.87478613853455,0.02,-0.52,-0.37,
6.8909010887146,0.36,-0.58,-0.15,
6.89414024353027,0.57,-0.56,0.13,
6.90448713302612,0.51,-0.56,0.48,
6.91415309906006,0.45,-0.46,0.72,
6.92428612709045,0.52,-0.1,0.84,
6.93405532836914,0.65,0.39,0.91,
6.94427418708801,0.89,0.75,0.95,
6.95398235321045,1.19,0.8,0.96,
6.96386814117432,1.47,0.52,0.96,
6.9739031791687,1.63,0,0.95,
6.98941135406494,1.54,-0.58,0.95,
6.99342203140259,1.29,-0.89,0.99,
7.00387620925903,1.27,-0.82,1.04,
7.01340913772583,1.49,-0.45,1.04,
7.02360320091248,1.8,0.07,1.02,
7.03342008590698,2.05,0.4,1.03,
7.04328918457031,2.01,0.29,1.12,
7.05329918861389,1.55,-0.1,1.26,
7.06339406967163,1.21,-0.42,1.33,
7.07360124588013,1.16,-0.34,1.27,
7.0921950340271,1.3,0.21,1.15,
7.09458303451538,1.51,0.89,1.03,
7.10292220115662,1.57,1.3,0.98,
7.11269021034241,1.33,1.3,1.09,
7.12286806106567,1.06,0.91,1.23,
7.13265514373779,0.96,0.5,1.21,
7.14267206192017,0.99,0.28,1.07,
7.15276908874512,1.02,0.12,0.88,
7.16284322738648,1.07,-0.14,0.76,
7.17261123657227,1.06,-0.4,0.8,
7.19026112556458,0.92,-0.45,0.95,
7.19272112846375,0.77,-0.25,1,
7.20237016677856,0.72,0.15,0.88,
7.21212220191956,0.64,0.49,0.74,
7.22216129302979,0.51,0.48,0.68,
7.23177909851074,0.31,0.1,0.82,
7.24237322807312,0.15,-0.39,1.06,
7.2518801689148,0.17,-0.52,1.24,
7.26189923286438,0.31,-0.03,1.23,
7.27182722091675,0.38,0.95,0.97,
7.28271102905273,0.37,1.83,0.63,
7.29963612556458,0.25,2.04,0.42,
7.30236005783081,0.05,1.5,0.32,
7.31135034561157,-0.09,0.54,0.38,
7.32123112678528,-0.13,-0.35,0.39,
7.33119821548462,-0.01,-0.64,0.24,
7.34126424789429,0.1,-0.23,0.06,
7.35112428665161,0.17,0.41,-0.17,
7.3611330986023,0.21,0.7,-0.38,
7.3711142539978,0.14,0.41,-0.39,
7.38198614120483,0,-0.31,-0.24,
7.39781332015991,-0.15,-1.09,0.01,
7.40089821815491,-0.26,-1.56,0.28,
7.41060519218445,-0.28,-1.44,0.53,
7.42066431045532,-0.32,-0.75,0.66,
7.43045806884766,-0.27,0.2,0.6,
7.44048404693604,-0.17,1.1,0.5,
7.45065522193909,-0.13,1.62,0.4,
7.46024012565613,-0.19,1.66,0.38,
7.47047901153564,-0.26,1.38,0.33,
7.4803671836853,-0.26,1,0.22,
7.49735713005066,-0.29,0.65,0.04,
7.50013828277588,-0.37,0.29,-0.17,
7.50985622406006,-0.47,-0.05,-0.34,
7.51990818977356,-0.52,-0.34,-0.44,
7.52973031997681,-0.48,-0.53,-0.46,
7.53967618942261,-0.43,-0.59,-0.48,
7.5497841835022,-0.4,-0.48,-0.54,
7.55974626541138,-0.54,-0.25,-0.42,
7.56996011734009,-0.59,-0.04,-0.19,
7.57960414886475,-0.52,0.11,0.01,
7.59797215461731,-0.43,0.14,0.14,
7.60095834732056,-0.36,0.04,0.31,
7.60908222198486,-0.35,-0.06,0.41,
7.61914730072022,-0.32,0.03,0.37,
7.62900400161743,-0.21,0.4,0.29,
7.63909101486206,-0.1,0.82,0.11,
7.64889907836914,-0.01,0.84,-0.03,
7.65906119346619,0.07,0.37,-0.11,
7.66891002655029,0.1,-0.33,-0.16,
7.68003916740418,0.12,-0.85,-0.17,
7.69623708724976,0.2,-0.83,-0.19,
7.69862818717957,0.32,-0.29,-0.26,
7.70851421356201,0.43,0.38,-0.38,
7.71852827072144,0.47,0.63,-0.45,
7.72823214530945,0.42,0.31,-0.45,
7.73832130432129,0.32,-0.4,-0.38,
7.74795007705689,0.24,-1.04,-0.26,
7.75830602645874,0.23,-1.19,-0.15,
7.76811599731445,0.24,-0.8,-0.08,
7.77919316291809,0.23,-0.12,-0.04,
7.7955641746521,0.19,0.4,0.01,
7.79825210571289,0.15,0.49,0.07,
7.80765628814697,0.09,0.23,0.11,
7.81756019592285,0.01,-0.15,0.09,
7.82754135131836,-0.05,-0.34,0.07,
7.83756422996521,-0.01,-0.16,0.01,
7.84743213653564,0.11,0.28,-0.13,
7.85744714736939,0.18,0.68,-0.31,
7.86737728118897,0.14,0.67,-0.46,
7.87731504440308,0.04,0.21,-0.53,
7.89322018623352,-0.05,-0.48,-0.52,
7.89681816101074,-0.15,-1.04,-0.48,
7.90709018707275,-0.19,-1.26,-0.44,
7.91698217391968,-0.17,-1.14,-0.4,
7.92683815956116,-0.16,-0.8,-0.35,
7.93689632415772,-0.18,-0.4,-0.28,
7.94652819633484,-0.21,-0.06,-0.18,
7.95677518844605,-0.22,0.16,-0.11,
7.96662425994873,-0.24,0.25,-0.09,
7.97692203521729,-0.25,0.2,-0.06,
7.99309921264648,-0.25,0.11,-0.05,
7.99640011787415,-0.27,0.16,-0.07,
8.00623822212219,-0.27,0.42,-0.19,
8.01657724380493,-0.24,0.75,-0.39,
8.0260910987854,-0.27,0.86,-0.57,
8.03613233566284,-0.34,0.55,-0.69,
8.04662013053894,-0.41,-0.06,-0.73,
8.05600118637085,-0.45,-0.73,-0.74,
8.06611514091492,-0.47,-1.21,-0.71,
8.07571506500244,-0.47,-1.31,-0.66,
8.08691620826721,-0.48,-0.95,-0.64,
8.10379505157471,-0.49,-0.23,-0.67,
8.10626220703125,-0.48,0.47,-0.74,
8.11560201644898,-0.47,0.79,-0.77,
8.12547206878662,-0.46,0.59,-0.75,
8.13547134399414,-0.51,0.06,-0.71,
8.14522504806519,-0.6,-0.51,-0.65,
8.15555214881897,-0.66,-0.75,-0.6,
8.16528415679932,-0.71,-0.54,-0.57,
8.17527723312378,-0.73,-0.05,-0.59,
8.18630123138428,-0.76,0.43,-0.65,
8.20280027389526,-0.8,0.58,-0.7,
8.20525932312012,-0.85,0.38,-0.74,
8.21476721763611,-0.9,-0.03,-0.75,
8.22454309463501,-0.91,-0.45,-0.75,
8.23458623886108,-0.91,-0.71,-0.73,
8.24466705322266,-0.96,-0.78,-0.72,
8.25457119941711,-1.09,-0.65,-0.71,
8.26455402374268,-1.21,-0.36,-0.75,
8.27457118034363,-1.24,0.06,-0.8,
8.28461027145386,-1.21,0.44,-0.85,
8.30273008346558,-1.12,0.7,-0.89,
8.30523300170898,-1.08,0.77,-0.91,
8.31394529342651,-1.02,0.61,-0.91,
8.32397508621216,-0.9,0.16,-0.83,
8.33396434783936,-0.83,-0.47,-0.7,
8.34376120567322,-0.78,-1.06,-0.59,
8.35381817817688,-0.71,-1.44,-0.47,
8.36388301849365,-0.6,-1.54,-0.38,
8.37381505966187,-0.43,-1.31,-0.27,
8.38375425338745,-0.35,-0.89,-0.09,
8.40204429626465,-0.2,-0.47,0.1,
8.40445017814636,0.06,-0.12,0.29,
8.41350817680359,0.36,0.13,0.5,
8.42319631576538,0.56,0.2,0.67,
8.43330717086792,0.71,0.08,0.78,
8.44299721717835,0.82,-0.11,0.89,
8.45306825637817,0.86,-0.32,1,
8.46300220489502,0.98,-0.4,1,
8.47314834594727,1.16,-0.19,0.93,
8.48315334320068,1.25,0.27,0.87,
8.50155019760132,1.27,0.67,0.86,
8.50388813018799,1.33,0.83,0.9,
8.51237416267395,1.33,0.72,0.99,
8.52252221107483,1.26,0.39,0.99,
8.53258919715881,1.08,0.06,0.83,
8.54229831695557,0.93,-0.08,0.65,
8.55238723754883,0.97,-0.12,0.61,
8.56209516525269,1.16,-0.07,0.63,
8.57228517532349,1.29,0,0.71,
8.58211421966553,1.05,0,0.87,
8.59907221794128,0.8,-0.07,0.97,
8.60194301605225,0.74,0.03,0.91,
8.61187720298767,0.79,0.27,0.84,
8.62184429168701,0.83,0.41,0.76,
8.63168907165527,0.84,0.27,0.73,
8.64165019989014,0.71,-0.09,0.85,
8.65164422988892,0.67,-0.41,1.05,
8.66134405136108,0.59,-0.36,1.15,
8.67146825790405,0.44,0.09,1.13,
8.6816132068634,0.39,0.62,0.95,
8.69803905487061,0.4,0.95,0.57,
8.7011821269989,0.37,0.97,0.28,
8.71116518974304,0.21,0.55,0.39,
8.72128319740295,0.18,0.02,0.64,
8.7312593460083,0.15,-0.26,0.75,
8.74088621139526,0.13,-0.15,0.75,
8.75103425979614,0.19,0.25,0.48,
8.76090526580811,0.32,0.7,0.11,
8.77114915847778,0.25,0.76,-0.04,
8.78072619438171,0.12,0.29,0.05,
8.79852414131165,0.15,-0.32,0.11,
8.80122113227844,0.27,-0.56,0.12,
8.81026315689087,0.29,-0.23,0.08,
8.82032918930054,0.22,0.37,-0.06,
8.83029723167419,0.2,0.75,-0.33,
8.84014701843262,0.15,0.68,-0.46,
8.8501672744751,0.02,0.21,-0.37,
8.86019611358643,-0.09,-0.44,-0.23,
8.87007427215576,-0.15,-0.93,-0.11,
8.87979412078857,-0.16,-0.95,0,
8.89101219177246,-0.16,-0.51,0.09,
8.90734314918518,-0.14,0.18,0.21,
8.91017532348633,-0.11,0.81,0.28,
8.91958212852478,-0.06,1.15,0.3,
8.9295961856842,0,1.17,0.34,
8.9395022392273,0.04,1.01,0.31,
8.9497561454773,0.08,0.79,0.21,
8.95927906036377,0.13,0.67,0.07,
8.96932816505432,0.04,0.72,-0.11,
8.97929120063782,-0.08,0.71,-0.28,
8.99039912223816,-0.17,0.42,-0.42,
9.00693917274475,-0.28,-0.17,-0.45,
9.00975513458252,-0.48,-0.91,-0.36,
9.0189323425293,-0.68,-1.48,-0.15,
9.02882432937622,-0.79,-1.55,0.08,
9.03907632827759,-0.75,-0.98,0.28,
9.04875230789185,-0.67,0.1,0.49,
9.05852603912354,-0.69,1.05,0.58,
9.06861400604248,-0.72,1.29,0.61,
9.07862424850464,-0.78,0.83,0.81,
9.08868217468262,-0.79,0.16,1.04,
9.10604906082153,-0.73,-0.16,1.03,
9.10882520675659,-0.58,0.09,0.83,
9.11822605133057,-0.37,0.58,0.55,
9.12805223464966,-0.14,0.79,0.25,
9.13805103302002,0.06,0.58,-0.02,
9.1481032371521,0.24,0.15,-0.28,
9.15782523155212,0.32,-0.26,-0.45,
9.1681501865387,0.31,-0.58,-0.54,
9.17775201797485,0.33,-0.78,-0.6,
9.18769717216492,0.33,-0.87,-0.62,
9.20423817634583,0.31,-0.85,-0.6,
9.20740127563477,0.35,-0.72,-0.54,
9.21755814552307,0.48,-0.43,-0.44,
9.22739720344544,0.56,-0.04,-0.36,
9.2373743057251,0.58,0.28,-0.3,
9.24727010726929,0.62,0.33,-0.15,
9.2572193145752,0.62,0.17,-0.01,
9.2671902179718,0.6,-0.02,0.04,
9.27708005905151,0.61,-0.05,0.05,
9.28722429275513,0.63,0.14,0,
9.30581617355347,0.65,0.43,-0.14,
9.30827116966248,0.68,0.59,-0.29,
9.31659030914307,0.68,0.5,-0.4,
9.32652235031128,0.63,0.2,-0.47,
9.33663034439087,0.54,-0.21,-0.51,
9.34681820869446,0.43,-0.53,-0.52,
9.35638213157654,0.35,-0.63,-0.54,
9.36669921875,0.28,-0.52,-0.56,
9.37636709213257,0.22,-0.37,-0.55,
9.38643503189087,0.16,-0.28,-0.48,
9.40520429611206,0.06,-0.32,-0.39,
9.40761423110962,0,-0.39,-0.3,
9.41621208190918,-0.07,-0.36,-0.22,
9.42582225799561,-0.13,-0.2,-0.18,
9.43613815307617,-0.16,0.06,-0.16,
9.44569730758667,-0.18,0.27,-0.16,
9.45565319061279,-0.19,0.35,-0.15,
9.46584916114807,-0.24,0.25,-0.16,
9.47588109970093,-0.3,0.01,-0.19,
9.48576831817627,-0.34,-0.21,-0.24,
9.50418901443481,-0.34,-0.23,-0.27,
9.50628423690796,-0.31,-0.07,-0.3,
9.51545906066895,-0.28,0.1,-0.36,
9.52552223205566,-0.32,0.08,-0.45,
9.53515815734863,-0.37,-0.14,-0.56,
9.54503321647644,-0.43,-0.39,-0.61,
9.55497217178345,-0.47,-0.5,-0.62,
9.5651421546936,-0.49,-0.38,-0.6,
9.57485222816467,-0.46,-0.12,-0.6,
9.58505010604858,-0.44,0.13,-0.59,
9.60446929931641,-0.57,-0.01,-0.57,
9.60675811767578,-0.57,-0.01,-0.57,
9.61487412452698,-0.69,-0.29,-0.6,
9.62448215484619,-0.79,-0.42,-0.67,
9.63447999954224,-0.84,-0.27,-0.69,
9.64435434341431,-0.88,0.07,-0.68,
9.65423917770386,-0.85,0.4,-0.66,
9.66447520256043,-0.87,0.55,-0.63,
9.67405700683594,-0.93,0.35,-0.63,
9.68429613113403,-1,-0.14,-0.68,
9.69521713256836,-1.09,-0.64,-0.75,
9.71350812911987,-1.14,-0.76,-0.86,
9.7162070274353,-1.14,-0.76,-0.86,
9.72362017631531,-1.12,-0.44,-0.9,
9.73519611358643,-1.16,0.01,-0.89,
9.7435781955719,-1.22,0.39,-0.85,
9.7535400390625,-1.23,0.5,-0.87,
9.76352715492249,-1.16,0.39,-0.91,
9.77354431152344,-1.07,0.12,-0.97,
9.78353500366211,-1,-0.2,-1,
9.79464817047119,-0.93,-0.5,-0.98,
9.81176424026489,-0.83,-0.72,-0.89,
9.81399917602539,-0.68,-0.86,-0.73,
9.82309222221375,-0.53,-0.95,-0.55,
9.83303618431091,-0.44,-0.89,-0.35,
9.84312915802002,-0.4,-0.67,-0.13,
9.85283923149109,-0.3,-0.35,0.07,
9.8627610206604,-0.09,0,0.25,
9.87264013290405,0.18,0.32,0.37,
9.88271021842957,0.45,0.5,0.43,
9.894287109375,0.69,0.5,0.47,
9.9106912612915,0.89,0.34,0.54,
9.91306209564209,1.01,0.07,0.62,
9.92246103286743,1.09,-0.23,0.64,
9.9325532913208,1.17,-0.36,0.65,
9.94216203689575,1.1,-0.3,0.72,
9.9521791934967,1.12,-0.13,0.79,
9.9619312286377,1.34,0.09,0.85,
9.97305011749268,1.6,0.25,0.93,
9.98192620277405,1.67,0.24,1.02,
9.99180722236633,1.39,0.11,1.09,
10.0085673332214,0.98,-0.02,1.17,
10.0117471218109,0.93,-0.04,1.2,
10.021701335907,1.17,0.16,1.13,
10.0316262245178,1.51,0.45,1.03,
10.0414133071899,1.6,0.59,1.05,
10.051417350769,1.28,0.46,1.17,
10.0615410804749,1.08,0.09,1.25,
10.071093082428,0.98,-0.22,1.17,
10.0811722278595,0.97,-0.22,0.94,
10.0918130874634,0.96,-0.04,0.72,
10.1078000068665,0.95,0.27,0.66,
10.1107342243195,0.89,0.56,0.78,
10.1209602355957,0.84,0.61,0.9,
10.1308031082153,0.78,0.4,0.86,
10.1406660079956,0.71,0.15,0.67,
10.150838136673,0.67,0.03,0.43,
10.1605463027954,0.66,0.1,0.26,
10.1704902648926,0.61,0.3,0.24,
10.1806702613831,0.49,0.45,0.28,
10.1904802322388,0.37,0.36,0.3,
10.2094712257385,0.35,0.01,0.33,
10.2121162414551,0.33,-0.37,0.32,
10.2201731204987,0.24,-0.52,0.26,
10.2300572395325,0.07,-0.36,0.21,
10.2402172088623,-0.06,0.01,0.27,
10.2498903274536,-0.13,0.39,0.32,
10.2599272727966,-0.16,0.55,0.32,
10.2695660591125,-0.16,0.37,0.32,
10.279983997345,-0.11,-0.01,0.31,
10.2897782325745,-0.13,-0.26,0.3,
10.3079071044922,-0.25,-0.28,0.28,
10.3107042312622,-0.36,-0.1,0.33,
10.3196032047272,-0.42,0.22,0.39,
10.3294022083282,-0.32,0.58,0.31,
10.3392152786255,-0.09,0.97,0.21,
10.349228143692,0.02,1.24,0.05,
10.3591461181641,0.08,1.13,-0.16,
10.369255065918,0.03,0.68,-0.26,
10.3792190551758,-0.04,0.1,-0.29,
10.3891940116882,-0.05,-0.33,-0.36,
10.4075050354004,-0.05,-0.4,-0.43,
10.4099903106689,-0.08,-0.17,-0.48,
10.4188721179962,-0.1,0.08,-0.48,
10.4286160469055,-0.17,0.12,-0.46,
10.4386262893677,-0.25,-0.12,-0.4,
10.4484801292419,-0.31,-0.47,-0.25,
10.4586162567139,-0.35,-0.66,-0.09,
10.4684951305389,-0.34,-0.49,0.04,
10.4783511161804,-0.37,0.09,0.14,
10.4882922172546,-0.39,0.78,0.2,
10.4997782707214,-0.37,1.23,0.21,
10.5179853439331,-0.35,0.73,0.17,
10.5202062129974,-0.35,0.73,0.17,
10.5278220176697,-0.33,0.06,0.17,
10.5378911495209,-0.35,-0.44,0.17,
10.5480570793152,-0.34,-0.51,0.09,
10.5576422214508,-0.28,-0.21,-0.01,
10.5678071975708,-0.22,0.16,-0.08,
10.5776500701904,-0.2,0.19,-0.12,
10.5876040458679,-0.18,-0.12,-0.06,
10.5977292060852,-0.12,-0.47,0.05,
10.6173422336578,-0.04,-0.46,0.22,
10.6189322471619,-0.04,-0.46,0.22,
10.6269102096558,0.06,-0.11,0.24,
10.6371982097626,0.15,0.28,0.18,
10.6471021175385,0.22,0.47,0.11,
10.6570219993591,0.21,0.4,0.01,
10.6669692993164,0.19,0.11,-0.06,
10.6769800186157,0.21,-0.2,-0.09,
10.687117099762,0.23,-0.35,-0.14,
10.6978740692139,0.29,-0.36,-0.21,
10.7159442901611,0.31,-0.29,-0.25,
10.7183151245117,0.28,-0.27,-0.25,
10.7264001369476,0.23,-0.32,-0.21,
10.7365212440491,0.19,-0.39,-0.16,
10.7463130950928,0.16,-0.38,-0.11,
10.756272315979,0.12,-0.34,-0.04,
10.7661511898041,0.06,-0.27,0.04,
10.7763352394104,0.02,-0.2,0.11,
10.786199092865,0.08,-0.02,0.18,
10.7972931861877,0.14,0.34,0.19,
10.814254283905,0.22,0.73,0.07,
10.8167700767517,0.26,0.92,-0.06,
10.8256211280823,0.24,0.78,-0.18,
10.8355891704559,0.13,0.32,-0.28,
10.8456110954285,0.02,-0.29,-0.32,
10.85560131073,-0.04,-0.75,-0.31,
10.8654322624207,-0.06,-0.91,-0.31,
10.8753471374512,-0.05,-0.81,-0.32,
10.8852663040161,-0.06,-0.58,-0.32,
10.8954472541809,-0.07,-0.35,-0.28,
10.9133310317993,-0.11,-0.22,-0.23,
10.9161510467529,-0.15,-0.22,-0.19,
10.9249000549316,-0.17,-0.27,-0.12,
10.9349822998047,-0.16,-0.12,0.01,
10.944794178009,-0.14,0.28,0.06,
10.9551153182983,-0.1,0.81,-0.03,
10.9646952152252,-0.08,1.19,-0.18,
10.9747400283813,-0.1,1.16,-0.31,
10.9847102165222,-0.17,0.71,-0.41,
10.9948642253876,-0.26,0.02,-0.51,
11.01389503479,-0.35,-0.98,-0.61,
11.0166420936584,-0.35,-0.98,-0.61,
11.0240330696106,-0.34,-0.94,-0.64,
11.0341572761536,-0.34,-0.61,-0.68,
11.0440230369568,-0.37,-0.15,-0.73,
11.0542073249817,-0.43,0.21,-0.76,
11.0639872550964,-0.52,0.28,-0.72,
11.0741231441498,-0.58,0.03,-0.64,
11.0840482711792,-0.62,-0.36,-0.58,
11.0940542221069,-0.66,-0.67,-0.51,
11.112606048584,-0.72,-0.72,-0.43,
11.1153750419617,-0.77,-0.46,-0.36,
11.123330116272,-0.84,0.03,-0.32,
11.1338453292847,-0.9,0.49,-0.34,
11.1432971954346,-0.95,0.66,-0.4,
11.1533350944519,-1,0.49,-0.45,
11.1632280349731,-1.05,0.13,-0.46,
11.1731331348419,-1.08,-0.21,-0.49,
11.1831192970276,-1.07,-0.29,-0.55,
11.1930642127991,-1.1,-0.1,-0.67,
11.2100241184235,-1.11,0.22,-0.85,
11.2126941680908,-1.11,0.45,-1.05,
11.2229533195496,-1.08,0.45,-1.21,
11.2327661514282,-1.05,0.22,-1.31,
11.2425870895386,-0.97,-0.15,-1.35,
11.2527070045471,-0.89,-0.52,-1.34,
11.2625432014465,-0.82,-0.88,-1.26,
11.2723612785339,-0.73,-1.27,-1.12,
11.2824251651764,-0.64,-1.59,-0.92,
11.2923882007599,-0.6,-1.73,-0.63,
11.3034131526947,-0.58,-1.63,-0.32,
11.3205671310425,-0.46,-1.22,-0.05,
11.3232882022858,-0.27,-0.61,0.15,
11.3320651054382,-0.02,0.04,0.33,
11.3418703079224,0.26,0.54,0.48,
11.3520121574402,0.47,0.76,0.58,
11.3618340492249,0.53,0.75,0.67,
11.3717260360718,0.45,0.62,0.75,
11.3816452026367,0.47,0.51,0.75,
11.3917961120605,0.62,0.44,0.7,
11.4026679992676,0.88,0.34,0.63,
11.4205842018127,1.15,0.12,0.55,
11.4230761528015,1.36,-0.19,0.48,
11.431244134903,1.43,-0.44,0.47,
11.4411251544952,1.32,-0.47,0.53,
11.4512343406677,1.12,-0.28,0.61,
11.4610800743103,1.02,-0.03,0.64,
11.4709131717682,1.06,0.14,0.63,
11.480936050415,1.17,0.08,0.64,
11.4912090301514,1.32,-0.15,0.71,
11.5019283294678,1.36,-0.36,0.88,
11.5199522972107,1.18,-0.35,1.07,
11.5223140716553,1,-0.09,1.15,
11.5306262969971,0.88,0.47,1.08,
11.5404000282288,0.86,1.05,0.95,
11.5504932403564,0.91,1.34,0.83,
11.5602102279663,1,1.24,0.77,
11.5701513290405,0.98,0.78,0.8,
11.5806970596313,0.87,0.13,0.88,
11.5903811454773,0.7,-0.49,0.92,
11.6009902954102,0.7,-0.93,0.78,
11.6188082695007,0.68,-0.95,0.52,
11.6212661266327,0.61,-0.62,0.4,
11.6298491954803,0.52,-0.19,0.49,
11.6397180557251,0.37,0.26,0.68,
11.6498181819916,0.21,0.61,0.84,
11.6595041751862,0.22,0.75,0.84,
11.6696362495422,0.34,0.84,0.73,
11.6796340942383,0.36,0.88,0.58,
11.6894760131836,0.34,0.81,0.48,
11.6995551586151,0.26,0.64,0.4,
11.7189230918884,0.19,0.2,0.23,
11.7213761806488,0.19,0.2,0.23,
11.7293519973755,0.16,-0.11,0.18,
11.7389571666718,0.14,-0.42,0.15,
11.748939037323,0.18,-0.58,0.08,
11.7587900161743,0.25,-0.46,-0.03,
11.7689151763916,0.22,-0.09,-0.13,
11.778772354126,0.07,0.27,-0.14,
11.7886831760407,-0.06,0.42,-0.06,
11.7988390922546,-0.12,0.39,0.04,
11.8175673484802,-0.08,0.29,0.03,
11.8199973106384,-0.04,0.24,-0.03,
11.8285431861877,-0.05,0.26,-0.04,
11.8382081985474,-0.16,0.26,-0.02,
11.8484163284302,-0.3,0.09,0,
11.8580551147461,-0.35,-0.17,0.05,
11.8681750297546,-0.37,-0.32,0.12,
11.8778731822968,-0.37,-0.31,0.16,
11.8880741596222,-0.33,-0.17,0.19,
11.898371219635,-0.27,0.11,0.22,
11.9177670478821,-0.22,0.75,0.1,
11.9201462268829,-0.22,0.75,0.1,
11.9275932312012,-0.2,0.8,0.03,
11.9375081062317,-0.17,0.68,-0.04,
11.9476480484009,-0.18,0.47,-0.09,
11.9573841094971,-0.27,0.28,-0.09,
11.9674000740051,-0.32,0.1,-0.12,
11.977283000946,-0.36,-0.04,-0.11,
11.9874272346497,-0.39,-0.16,-0.15,
11.9981150627136,-0.4,-0.21,-0.18,
12.0146660804749,-0.41,-0.21,-0.14,
12.0169353485107,-0.4,-0.15,-0.03,
12.0269491672516,-0.42,-0.04,0.08,
12.036868095398,-0.45,0.06,0.19,
12.0469222068787,-0.43,0.14,0.31,
12.0566263198853,-0.42,0.24,0.4,
12.0667753219605,-0.38,0.37,0.46,
12.0765190124512,-0.28,0.5,0.42,
12.0865292549133,-0.13,0.57,0.31,
12.0966501235962,-0.06,0.47,0.22,
12.1075263023376,-0.04,0.19,0.15,
12.1246590614319,0.03,-0.08,0.09,
12.126932144165,0.1,-0.11,-0.01,
12.1360502243042,0.13,0.03,-0.12,
12.1460380554199,0.15,0.07,-0.21,
12.1558301448822,0.15,-0.12,-0.23,
12.1658701896667,0.15,-0.45,-0.21,
12.1758282184601,0.14,-0.71,-0.14,
12.1856911182404,0.14,-0.73,-0.09,
12.1959462165833,0.11,-0.48,-0.06,
12.2069230079651,0.08,-0.12,-0.04,
12.2242140769959,0.07,0.14,0,
12.2265563011169,0.08,0.13,0.01,
12.2355060577393,0.06,-0.1,0.01,
12.2454500198364,0.02,-0.42,0.04,
12.2554321289063,-0.01,-0.67,0.06,
12.2651262283325,-0.01,-0.74,0.06,
12.2749831676483,0.01,-0.58,0.06,
12.2851431369782,0.06,-0.29,0.05,
12.2951371669769,0.09,0.01,0.05,
12.3050203323364,0.12,0.16,0.05,
12.3241243362427,0.19,0.16,0.05,
12.3268752098084,0.25,0.15,0.06,
12.3345592021942,0.31,0.18,0.04,
12.3448362350464,0.32,0.23,-0.04,
12.3545022010803,0.26,0.19,-0.14,
12.36456823349,0.2,-0.01,-0.22,
12.3742232322693,0.17,-0.27,-0.27,
12.3844132423401,0.16,-0.46,-0.31,
12.3943972587585,0.18,-0.54,-0.31,
12.4067771434784,0.19,-0.47,-0.29,
12.422749042511,0.17,-0.28,-0.22,
12.42511510849,0.14,-0.01,-0.17,
12.4340991973877,0.13,0.25,-0.14,
12.444057226181,0.11,0.37,-0.13,
12.4535870552063,0.05,0.27,-0.13,
12.463885307312,-0.02,-0.01,-0.12,
12.4736151695251,-0.07,-0.31,-0.12,
12.483635187149,-0.1,-0.41,-0.16,
12.4937062263489,-0.11,-0.28,-0.22,
12.5036442279816,-0.1,0,-0.3,
12.5210041999817,-0.1,0.24,-0.35,
12.5238702297211,-0.12,0.3,-0.34,
12.5333271026611,-0.17,0.12,-0.32,
12.5432372093201,-0.21,-0.21,-0.33,
12.5529592037201,-0.26,-0.44,-0.33,
12.563178062439,-0.28,-0.42,-0.34,
12.5728220939636,-0.25,-0.16,-0.36,
12.5829372406006,-0.24,0.2,-0.38,
12.5930001735687,-0.25,0.45,-0.43,
12.6052141189575,-0.26,0.44,-0.46,
12.621945142746,-0.3,0.24,-0.45,
12.6246480941772,-0.35,-0.03,-0.44,
12.6325471401215,-0.41,-0.28,-0.49,
12.6424901485443,-0.44,-0.42,-0.54,
12.6524081230164,-0.49,-0.42,-0.56,
12.6623740196228,-0.55,-0.27,-0.54,
12.6722581386566,-0.57,-0.04,-0.52,
12.682272195816,-0.57,0.26,-0.53,
12.692310333252,-0.59,0.47,-0.57,
12.7025651931763,-0.64,0.49,-0.61,
12.7224781513214,-0.84,-0.02,-0.66,
12.724335193634,-0.84,-0.02,-0.66,
12.7317032814026,-0.89,-0.23,-0.65,
12.7417740821838,-0.92,-0.3,-0.64,
12.7516181468964,-0.98,-0.28,-0.66,
12.7616441249847,-1.07,-0.18,-0.71,
12.7715811729431,-1.12,-0.07,-0.77,
12.7815270423889,-1.12,0.02,-0.81,
12.7916870117188,-1.14,0.03,-0.83,
12.8015971183777,-1.17,0.01,-0.86,
12.8211040496826,-1.19,-0.06,-0.88,
12.8235731124878,-1.19,-0.06,-0.88,
12.8310670852661,-1.21,-0.04,-0.91,
12.8409621715546,-1.25,-0.06,-0.93,
12.8507771492004,-1.29,-0.13,-0.89,
12.8608701229095,-1.25,-0.22,-0.86,
12.8708600997925,-1.14,-0.23,-0.88,
12.8811192512512,-1.06,-0.19,-0.93,
12.8907103538513,-0.95,-0.15,-0.93,
12.9008083343506,-0.8,-0.16,-0.88,
12.9121251106262,-0.6,-0.18,-0.77,
12.9306640625,-0.15,-0.28,-0.49,
12.9322671890259,-0.15,-0.28,-0.49,
12.9401602745056,0.06,-0.39,-0.32,
12.9502191543579,0.22,-0.52,-0.12,
12.9600961208344,0.36,-0.57,0.09,
12.9704401493073,0.46,-0.44,0.28,
12.9801440238953,0.56,-0.15,0.43,
12.989972114563,0.68,0.19,0.56,
13.0012092590332,0.83,0.37,0.69,
13.0099232196808,1,0.27,0.82,
13.0298891067505,1.26,-0.28,0.95,
13.0315041542053,1.26,-0.28,0.95,
13.0393991470337,1.27,-0.24,0.92,
13.0496072769165,1.17,0.07,0.93,
13.0597043037415,1.16,0.36,0.96,
13.0692842006683,1.26,0.47,1,
13.0793790817261,1.33,0.35,1.03,
13.0892291069031,1.35,0,1.1,
13.0994091033936,1.33,-0.44,1.18,
13.1092572212219,1.32,-0.79,1.19,
13.1279921531677,1.26,-0.95,1.14,
13.1306710243225,1.15,-0.84,1.13,
13.1388030052185,1.1,-0.51,1.21,
13.1489510536194,1.06,0.06,1.31,
13.15855717659,1.06,0.81,1.38,
13.1686320304871,1.09,1.43,1.31,
13.1786260604858,1.1,1.67,1.13,
13.1883752346039,1.02,1.41,0.9,
13.1986303329468,0.82,0.7,0.75,
13.2083342075348,0.57,-0.23,0.77,
13.2263240814209,0.45,-0.99,0.94,
13.229079246521,0.5,-1.34,1.01,
13.2383382320404,0.53,-1.18,0.92,
13.2479021549225,0.46,-0.69,0.77,
13.2578701972961,0.35,-0.2,0.68,
13.2679710388184,0.27,0.11,0.67,
13.2779340744019,0.23,0.21,0.68,
13.2879071235657,0.21,0.26,0.78,
13.2977471351624,0.19,0.38,0.84,
13.3075201511383,0.27,0.69,0.74,
13.3245272636414,0.34,1.09,0.56,
13.3274250030518,0.28,1.29,0.37,
13.3372812271118,0.15,1.01,0.21,
13.3473401069641,0.03,0.46,0.16,
13.3570561408997,0.03,0.04,0.08,
13.3670740127563,0.1,0.03,-0.1,
13.3770823478699,0.16,0.25,-0.39,
13.3868932723999,0.2,0.3,-0.57,
13.3970580101013,0.15,0.06,-0.62,
13.4068591594696,0.02,-0.38,-0.65,
13.4242420196533,-0.13,-0.82,-0.57,
13.426765203476,-0.2,-0.98,-0.36,
13.4371652603149,-0.18,-0.71,-0.23,
13.4465970993042,-0.13,-0.16,-0.24,
13.4565362930298,-0.07,0.39,-0.25,
13.4665911197662,-0.03,0.73,-0.14,
13.4763832092285,0.01,0.84,-0.05,
13.4862742424011,0.07,0.82,-0.07,
13.4963130950928,0.1,0.78,-0.1,
13.5062551498413,0.12,0.72,-0.11,
13.5242300033569,0.15,0.55,-0.14,
13.5271022319794,0.16,0.28,-0.18,
13.5358853340149,0.15,-0.02,-0.19,
13.5457773208618,0.15,-0.26,-0.2,
13.5560071468353,0.09,-0.27,-0.21,
13.5656361579895,-0.03,-0.09,-0.16,
13.5756530761719,-0.1,0.19,-0.09,
13.5854451656342,-0.19,0.47,-0.04,
13.5956172943115,-0.35,0.55,0.04,
13.6053872108459,-0.46,0.35,0.18,
13.6221342086792,-0.53,-0.05,0.34,
13.625146150589,-0.56,-0.37,0.45,
13.6352510452271,-0.54,-0.38,0.46,
13.6454241275787,-0.48,-0.03,0.43,
13.6550831794739,-0.41,0.48,0.36,
13.6649751663208,-0.29,0.83,0.26,
13.6749231815338,-0.21,0.91,0.17,
13.6848161220551,-0.23,0.67,0.14,
13.6948580741882,-0.19,0.22,0.14,
13.7046370506287,-0.09,-0.15,0.12,
13.7159321308136,0.01,-0.25,0.06,
13.7337172031403,0.09,-0.19,-0.1,
13.7362103462219,0.12,-0.15,-0.22,
13.7444353103638,0.11,-0.22,-0.22,
13.7542853355408,0.12,-0.39,-0.16,
13.7643580436707,0.15,-0.51,-0.09,
13.7740142345428,0.16,-0.51,-0.03,
13.7841141223907,0.17,-0.39,0.04,
13.794162273407,0.19,-0.2,0.11,
13.8038892745972,0.23,-0.01,0.15,
13.8152091503143,0.26,0.15,0.14,
13.83256316185,0.25,0.23,0.13,
13.835015296936,0.22,0.2,0.12,
13.8435621261597,0.24,0.05,0.11,
13.8535871505737,0.26,-0.13,0.1,
13.8635950088501,0.2,-0.3,0.09,
13.8734850883484,0.16,-0.44,0.08,
13.8832671642303,0.16,-0.45,0.06,
13.8934252262115,0.17,-0.31,0.03,
13.9030432701111,0.18,-0.07,-0.03,
13.9136672019959,0.19,0.17,-0.11,
13.9323301315308,0.17,0.27,-0.16,
13.9347071647644,0.13,0.15,-0.18,
13.9430911540985,0.1,-0.11,-0.17,
13.9529311656952,0.03,-0.37,-0.14,
13.9629130363464,-0.03,-0.52,-0.12,
13.9726300239563,-0.07,-0.52,-0.1,
13.9826052188873,-0.06,-0.36,-0.1,
13.9926261901855,-0.05,-0.13,-0.08,
14.0040352344513,-0.02,0.07,-0.04,
14.0127010345459,-0.03,0.15,-0.04,
14.0319633483887,-0.02,0.15,-0.06,
14.0342061519623,-0.02,0.15,-0.06,
14.0424790382385,-0.05,0.2,-0.09,
14.052303314209,-0.06,0.25,-0.2,
14.0621712207794,-0.1,0.23,-0.33,
14.0719571113586,-0.17,0.09,-0.41,
14.0819592475891,-0.23,-0.17,-0.45,
14.0921950340271,-0.24,-0.42,-0.47,
14.1016421318054,-0.24,-0.57,-0.47,
14.1120100021362,-0.25,-0.6,-0.45,
14.1328392028809,-0.22,-0.3,-0.31,
14.1335463523865,-0.22,-0.3,-0.31,
14.1413850784302,-0.2,0.15,-0.29,
14.1512832641602,-0.2,0.71,-0.35,
14.1614580154419,-0.22,1.12,-0.46,
14.1714231967926,-0.28,1.07,-0.58,
14.1811180114746,-0.36,0.52,-0.63,
14.1912372112274,-0.46,-0.27,-0.62,
14.20099401474,-0.5,-0.93,-0.61,
14.2110681533813,-0.48,-1.13,-0.6,
14.2285990715027,-0.47,-0.83,-0.6,
14.2306401729584,-0.48,-0.14,-0.61,
14.2408311367035,-0.49,0.59,-0.63,
14.25066614151,-0.49,0.96,-0.68,
14.2608623504639,-0.52,0.8,-0.72,
14.2705183029175,-0.59,0.23,-0.75,
14.2804791927338,-0.65,-0.45,-0.72,
14.2904772758484,-0.66,-0.92,-0.67,
14.3003401756287,-0.69,-0.91,-0.58,
14.3106231689453,-0.73,-0.51,-0.48,
14.3300700187683,-0.71,0.74,-0.56,
14.3323931694031,-0.71,0.74,-0.56,
14.3398733139038,-0.77,1.15,-0.68,
14.3503770828247,-0.87,1.11,-0.75,
14.3597903251648,-0.92,0.64,-0.74,
14.3698163032532,-0.93,-0.08,-0.67,
14.3796491622925,-0.93,-0.62,-0.66,
14.3897233009338,-0.89,-0.66,-0.68,
14.3998391628265,-0.81,-0.32,-0.7,
14.4098763465881,-0.74,0.17,-0.68,
14.4294610023499,-0.93,0.48,-0.69,
14.4316871166229,-0.93,0.48,-0.69,
14.4393701553345,-1.01,0.24,-0.76,
14.4493291378021,-0.99,-0.08,-0.85,
14.4593241214752,-0.92,-0.33,-0.92,
14.4690752029419,-0.87,-0.48,-0.98,
14.4790740013123,-0.86,-0.56,-1.01,
14.4891591072083,-0.9,-0.63,-0.98,
14.4989001750946,-0.99,-0.68,-0.83,
14.5092141628265,-1.05,-0.64,-0.61,
14.5199501514435,-0.96,-0.48,-0.48,
14.537257194519,-0.73,-0.18,-0.45,
14.5395770072937,-0.44,0.14,-0.43,
14.5484590530396,-0.13,0.31,-0.4,
14.5584092140198,0.19,0.28,-0.33,
14.568409204483,0.52,0.02,-0.21,
14.5785131454468,0.86,-0.34,-0.04,
14.5881381034851,1.13,-0.6,0.18,
14.5981793403625,1.23,-0.61,0.46,
14.6082842350006,1.15,-0.4,0.72,
14.6191153526306,1.13,-0.06,0.93,
14.6371603012085,1.22,0.29,1.06,
14.6398620605469,1.34,0.51,1.15,
14.647716999054,1.43,0.48,1.18,
14.6576480865479,1.48,0.19,1.19,
14.6679272651672,1.47,-0.19,1.21,
14.6777110099792,1.38,-0.45,1.3,
14.687518119812,1.24,-0.5,1.4,
14.6974792480469,1.2,-0.33,1.44,
14.7072651386261,1.2,-0.01,1.34,
14.7185521125793,1.22,0.46,1.17,
14.7366192340851,1.17,0.7,1.02,
14.7392582893372,1.17,0.7,1.02,
14.7469341754913,1.17,0.31,1.04,
14.7573161125183,1.05,-0.21,1.15,
14.7669751644135,0.92,-0.68,1.31,
14.7769021987915,0.99,-0.9,1.38,
14.7867741584778,1.14,-0.77,1.23,
14.7967600822449,1.2,-0.32,0.91,
14.8067193031311,1.01,0.3,0.76,
14.8182172775269,0.77,0.79,0.87,
14.8345141410828,0.8,1.02,0.97,
14.8372821807861,0.88,1.03,0.98,
14.846764087677,0.85,0.76,0.86,
14.8561081886292,0.69,0.22,0.59,
14.866268157959,0.4,-0.43,0.49,
14.8760921955109,0.18,-0.88,0.59,
14.8860521316528,0.2,-0.81,0.7,
14.8960242271423,0.22,-0.2,0.69,
14.9060111045837,0.21,0.58,0.52,
14.915931224823,0.21,1.04,0.31,
14.9357171058655,0.05,0.49,0.31,
14.9374182224274,0.05,0.49,0.31,
14.9456763267517,0,-0.12,0.29,
14.9554543495178,-0.04,-0.41,0.17,
14.9655952453613,0,-0.19,0.03,
14.9754152297974,0.1,0.47,-0.15,
14.9855711460114,0.13,1.06,-0.37,
14.9953103065491,0.06,1.04,-0.5,
15.0052871704102,-0.07,0.37,-0.51,
15.0176362991333,-0.19,-0.69,-0.4,
15.034481048584,-0.27,-1.85,-0.06,
15.0372171401978,-0.27,-1.85,-0.06,
15.0450119972229,-0.22,-1.52,-0.02,
15.0547451972961,-0.1,-0.66,-0.03,
15.0648181438446,0.03,0.48,-0.07,
15.0749571323395,0.16,1.43,-0.1,
15.0846090316772,0.18,1.81,-0.17,
15.0943613052368,0.08,1.56,-0.18,
15.1046221256256,-0.03,0.83,-0.1,
15.1148452758789,-0.08,0,0.02,
15.1341953277588,-0.09,-0.59,-0.03,
15.1367383003235,-0.09,-0.59,-0.03,
15.1442031860352,-0.13,-0.37,-0.12,
15.1539862155914,-0.18,-0.17,-0.13,
15.1643571853638,-0.3,-0.14,-0.05,
15.1739001274109,-0.42,-0.26,0.09,
15.1838412284851,-0.52,-0.28,0.27,
15.1940250396729,-0.58,-0.07,0.48,
15.204231262207,-0.56,0.36,0.65,
15.2149572372437,-0.52,0.84,0.69,
15.2327642440796,-0.52,1.1,0.64,
15.2353761196136,-0.48,0.97,0.58,
15.2435111999512,-0.4,0.6,0.48,
15.2535872459412,-0.33,0.27,0.28,
15.2634491920471,-0.22,0.17,0.05,
15.2732121944427,-0.07,0.25,-0.15,
15.2832322120667,0.05,0.3,-0.34,
15.2931241989136,0.17,0.11,-0.48,
15.3030071258545,0.21,-0.29,-0.56,
15.3131182193756,0.23,-0.72,-0.54,
15.3240821361542,0.28,-0.93,-0.4,
15.3424391746521,0.31,-0.78,-0.3,
15.3448882102966,0.32,-0.38,-0.27,
15.3525052070618,0.26,0.07,-0.2,
15.3625302314758,0.19,0.36,-0.06,
15.3724482059479,0.14,0.46,0.05,
15.3825781345367,0.1,0.36,0.17,
15.3923840522766,0.11,0.17,0.31,
15.4021542072296,0.11,-0.01,0.4,
15.412278175354,0.09,-0.11,0.44,
15.422779083252,0.06,-0.12,0.39,
15.4399521350861,0.03,-0.03,0.28,
15.4424381256104,0.04,0.18,0.22,
15.4518702030182,0.08,0.43,0.13,
15.4618330001831,0.2,0.6,0.01,
15.4716711044312,0.27,0.6,-0.09,
15.4818241596222,0.26,0.35,-0.18,
15.491702079773,0.19,-0.06,-0.27,
15.5015382766724,0.11,-0.44,-0.33,
15.5116891860962,0.04,-0.67,-0.38,
15.5218000411987,0,-0.77,-0.41,
15.541136264801,-0.03,-0.72,-0.25,
15.5438511371613,-0.03,-0.72,-0.25,
15.5510230064392,0,-0.62,-0.12,
15.5614743232727,0.04,-0.4,-0.02,
15.5707561969757,0.04,-0.06,0.04,
15.580982208252,0.04,0.3,0.05,
15.5909471511841,0.05,0.57,0.04,
15.6008172035217,0.02,0.64,0.03,
15.6111192703247,-0.03,0.51,-0.04,
15.620913028717,-0.06,0.33,-0.12,
15.6403512954712,-0.11,0.29,-0.34,
15.643000125885,-0.11,0.29,-0.34,
15.6506333351135,-0.13,0.26,-0.5,
15.660412311554,-0.18,0.09,-0.63,
15.6702122688293,-0.25,-0.18,-0.69,
15.6803631782532,-0.29,-0.41,-0.7,
15.690131187439,-0.32,-0.54,-0.67,
15.7000932693481,-0.36,-0.64,-0.64,
15.710196018219,-0.42,-0.73,-0.58,
15.7199351787567,-0.49,-0.78,-0.48,
15.7381782531738,-0.55,-0.71,-0.37,
15.7404270172119,-0.57,-0.5,-0.29,
15.749498128891,-0.57,-0.17,-0.23,
15.7597370147705,-0.55,0.2,-0.17,
15.76953125,-0.56,0.51,-0.11,
15.7795963287354,-0.59,0.61,-0.04,
15.7895040512085,-0.61,0.46,-0.02,
15.7994160652161,-0.63,0.12,-0.08,
15.8093712329865,-0.64,-0.26,-0.21,
15.8213243484497,-0.64,-0.41,-0.34,
15.8377141952515,-0.59,-0.24,-0.46,
15.8405632972717,-0.52,0.14,-0.57,
15.8489871025085,-0.46,0.46,-0.72,
15.8590822219849,-0.49,0.51,-0.84,
15.868839263916,-0.58,0.34,-0.91,
15.8788380622864,-0.67,0.08,-0.93,
15.8887753486633,-0.68,-0.18,-0.95,
15.8987293243408,-0.67,-0.39,-0.99,
15.908506155014,-0.65,-0.5,-1.02,
15.9190511703491,-0.68,-0.48,-1.02,
15.9379901885986,-0.77,-0.07,-0.92,
15.9408721923828,-0.77,-0.07,-0.92,
15.9481773376465,-0.87,0.13,-0.81,
15.9583592414856,-0.96,0.14,-0.76,
15.9680881500244,-1.08,-0.02,-0.75,
15.9780921936035,-1.14,-0.24,-0.78,
15.9878282546997,-1.18,-0.26,-0.77,
15.997905254364,-1.18,0,-0.8,
16.0081021785736,-1.15,0.45,-0.91,
16.0177891254425,-1.1,0.8,-1.05,
16.0357370376587,-1.06,0.81,-1.16,
16.0383262634277,-1.12,0.49,-1.25,
16.0475561618805,-1.25,-0.01,-1.28,
16.0575542449951,-1.31,-0.42,-1.19,
16.0673823356628,-1.27,-0.67,-1.05,
16.0774221420288,-1.17,-0.81,-0.96,
16.0872111320496,-1.05,-0.84,-0.92,
16.0975651741028,-0.91,-0.82,-0.77,
16.1071290969849,-0.7,-0.78,-0.55,
16.1172611713409,-0.38,-0.75,-0.31,
16.1282153129578,-0.03,-0.65,-0.11,
16.1468782424927,0.38,0.05,0.39,
16.1492910385132,0.38,0.05,0.39,
16.15682721138,0.51,0.36,0.66,
16.166618347168,0.68,0.49,0.81,
16.1767582893372,0.85,0.49,0.86,
16.1866540908813,1.01,0.42,0.89,
16.1964550018311,1.17,0.25,0.92,
16.206353187561,1.38,-0.01,0.92,
16.2163610458374,1.54,-0.27,0.9,
16.2270603179932,1.6,-0.47,0.84,
16.2439231872559,1.57,-0.44,0.82,
16.245786190033,1.52,-0.24,0.84,
16.2558932304382,1.61,0,0.87,
16.2659993171692,1.78,0.17,0.94,
16.2761340141296,1.95,0.2,1.07,
16.2858471870422,2.03,0.1,1.24,
16.2958092689514,1.91,-0.09,1.35,
16.3056461811066,1.76,-0.25,1.33,
16.3155922889709,1.62,-0.18,1.23,
16.3258652687073,1.5,0.14,1.15,
16.3432803153992,1.51,0.51,1.14,
16.3451189994812,1.57,0.82,1.19,
16.3552641868591,1.54,1.08,1.27,
16.3652501106262,1.41,1.3,1.24,
16.3753781318665,1.3,1.47,1.06,
16.3849351406097,1.16,1.35,0.81,
16.3950831890106,1.08,0.68,0.64,
16.4049081802368,0.94,-0.41,0.64,
16.4152040481567,0.77,-1.28,0.78,
16.4248242378235,0.72,-1.38,0.89,
16.4417362213135,0.82,-0.68,0.82,
16.4444513320923,0.89,0.51,0.55,
16.4545681476593,0.85,1.43,0.23,
16.4644322395325,0.66,1.4,0.08,
16.4745073318481,0.44,0.49,0.18,
16.4842710494995,0.18,-0.78,0.52,
16.4943811893463,-0.01,-1.73,0.89,
16.5044722557068,-0.02,-1.88,1.1,
16.514208316803,-0.01,-1.23,1.09,
16.5242023468018,0.06,-0.11,0.91,
16.5417213439941,0.08,0.91,0.6,
16.5438642501831,-0.03,1.4,0.37,
16.5536911487579,-0.21,1.27,0.44,
16.5639321804047,-0.26,0.84,0.63,
16.5737881660461,-0.2,0.42,0.68,
16.5836043357849,-0.12,0.24,0.56,
16.5939311981201,-0.06,0.4,0.38,
16.6034760475159,-0.04,0.68,0.15,
16.6134791374207,-0.02,0.77,-0.12,
16.6235880851746,-0.03,0.51,-0.38,
16.643303155899,-0.02,-0.35,-0.51,
16.6448860168457,-0.02,-0.35,-0.51,
16.6529593467712,-0.05,-0.55,-0.51,
16.6631631851196,-0.09,-0.59,-0.5,
16.673180103302,-0.1,-0.52,-0.46,
16.683051109314,-0.12,-0.39,-0.38,
16.6928763389587,-0.14,-0.24,-0.28,
16.7027261257172,-0.17,0.01,-0.19,
16.7129502296448,-0.22,0.34,-0.15,
16.7228801250458,-0.23,0.64,-0.07,
16.7427892684937,-0.4,0.5,0.05,
16.7443799972534,-0.4,0.5,0.05,
16.7523002624512,-0.53,0.04,0.12,
16.7622981071472,-0.65,-0.34,0.25,
16.7726612091064,-0.69,-0.42,0.33,
16.7821340560913,-0.65,-0.13,0.35,
16.7924101352692,-0.57,0.39,0.35,
16.8020901679993,-0.43,0.81,0.3,
16.8122110366821,-0.3,0.92,0.17,
16.8231420516968,-0.18,0.71,0.03,
16.8414242267609,-0.03,0.06,-0.13,
16.8440902233124,-0.03,0.06,-0.13,
16.8516182899475,0.08,-0.04,-0.2,
16.8618803024292,0.1,0,-0.31,
16.8714292049408,0.1,-0.06,-0.38,
16.8814373016357,0.13,-0.33,-0.38,
16.8915572166443,0.21,-0.64,-0.33,
16.9014573097229,0.27,-0.74,-0.23,
16.9117422103882,0.3,-0.5,-0.12,
16.9213900566101,0.29,0.01,-0.01,
16.9323501586914,0.24,0.49,-0.01,
16.9511232376099,0.19,0.29,0.06,
16.9537620544434,0.19,0.29,0.06,
16.9608073234558,0.12,-0.26,0.18,
16.9708542823792,0.06,-0.74,0.2,
16.9806981086731,0.08,-0.8,0.26,
16.9907121658325,0.11,-0.41,0.31,
17.0009970664978,0.13,0.19,0.26,
17.0105590820313,0.14,0.56,0.19,
17.0206282138824,0.12,0.44,0.2,
17.0306792259216,0.05,-0.05,0.25,
17.0496730804443,0.02,-0.58,0.25,
17.0521111488342,0.05,-0.74,0.19,
17.0601563453674,0.09,-0.39,0.12,
17.0700612068176,0.17,0.17,0.02,
17.0799841880798,0.26,0.59,-0.1,
17.0904102325439,0.29,0.67,-0.21,
17.0998020172119,0.23,0.39,-0.27,
17.1098999977112,0.12,-0.12,-0.3,
17.1198320388794,0.01,-0.6,-0.33,
17.1299781799316,-0.08,-0.81,-0.35,
17.1505331993103,-0.15,-0.34,-0.39,
17.1523861885071,-0.15,-0.34,-0.39,
17.1595420837402,-0.14,-0.02,-0.36,
17.1693410873413,-0.11,0.16,-0.3,
17.1795682907105,-0.1,0.16,-0.22,
17.1892931461334,-0.1,0.07,-0.15,
17.1991221904755,-0.1,0.03,-0.14,
17.2093291282654,-0.08,0.1,-0.17,
17.2191410064697,-0.12,0.18,-0.22,
17.231516122818,-0.16,0.1,-0.31,
17.2490501403809,-0.25,-0.19,-0.39,
17.2508883476257,-0.25,-0.19,-0.39,
17.2585272789001,-0.24,-0.14,-0.42,
17.2689352035522,-0.22,-0.01,-0.43,
17.2785511016846,-0.23,0.1,-0.43,
17.2885382175446,-0.27,0.08,-0.45,
17.2983322143555,-0.31,-0.07,-0.45,
17.3086400032043,-0.37,-0.28,-0.43,
17.3183979988098,-0.42,-0.46,-0.41,
17.3284840583801,-0.43,-0.51,-0.38,
17.3485522270203,-0.46,0.01,-0.33,
17.3503613471985,-0.46,0.01,-0.33,
17.3582842350006,-0.48,0.32,-0.31,
17.3679122924805,-0.53,0.38,-0.28,
17.3779151439667,-0.54,0.16,-0.27,
17.3877711296082,-0.54,-0.2,-0.27,
17.3975911140442,-0.57,-0.41,-0.29,
17.4081602096558,-0.58,-0.35,-0.28,
17.4174671173096,-0.58,-0.04,-0.31,
17.427805185318,-0.59,0.37,-0.39,
17.4491231441498,-0.64,0.48,-0.52,
17.45015001297,-0.64,0.48,-0.52,
17.4570472240448,-0.64,0.07,-0.55,
17.4672193527222,-0.65,-0.45,-0.58,
17.4771580696106,-0.69,-0.8,-0.59,
17.4871301651001,-0.77,-0.77,-0.6,
17.4967970848084,-0.86,-0.39,-0.6,
17.507167339325,-0.94,0.08,-0.63,
17.5170040130615,-0.99,0.28,-0.68,
17.5270721912384,-1.03,0.08,-0.72,
17.5473082065582,-1.2,-0.47,-0.62,
17.5488681793213,-1.2,-0.47,-0.62,
17.5564260482788,-1.26,-0.3,-0.59,
17.5664341449738,-1.32,0.14,-0.61,
17.5764760971069,-1.34,0.54,-0.7,
17.5866661071777,-1.35,0.64,-0.82,
17.5962731838226,-1.39,0.4,-0.96,
17.6062650680542,-1.45,0.04,-1.08,
17.6160793304443,-1.51,-0.25,-1.18,
17.6261241436005,-1.48,-0.3,-1.24,
17.6442823410034,-1.42,-0.19,-1.24,
17.6463513374329,-1.31,-0.08,-1.23,
17.6557760238647,-1.2,-0.12,-1.22,
17.6657762527466,-1.08,-0.28,-1.17,
17.6757092475891,-0.91,-0.4,-1.01,
17.6855902671814,-0.7,-0.4,-0.74,
17.6955690383911,-0.47,-0.31,-0.48,
17.705530166626,-0.21,-0.17,-0.26,
17.7155141830444,0.02,-0.03,-0.03,
17.7256011962891,0.23,0.02,0.2,
17.7363872528076,0.43,0.01,0.4,
17.7559490203857,0.75,0.13,0.6,
17.7578871250153,0.75,0.13,0.6,
17.7651500701904,0.83,0.25,0.64,
17.7750642299652,0.98,0.32,0.64,
17.7849349975586,1.18,0.32,0.62,
17.7949321269989,1.36,0.23,0.58,
17.8047871589661,1.45,0.12,0.59,
17.8148081302643,1.44,-0.02,0.63,
17.8246631622314,1.44,-0.18,0.7,
17.8356702327728,1.48,-0.4,0.83,
17.8542811870575,1.6,-0.81,1.13,
17.8569812774658,1.6,-0.81,1.13,
17.8641510009766,1.61,-0.81,1.25,
17.8747291564941,1.57,-0.49,1.27,
17.8840870857239,1.47,0.14,1.27,
17.8941912651062,1.36,0.76,1.28,
17.9041311740875,1.32,1.11,1.29,
17.9139142036438,1.29,1.03,1.31,
17.9240231513977,1.22,0.56,1.38,
17.9338903427124,1.18,-0.06,1.38,
17.9531350135803,1.08,-0.17,1.16,
17.9558682441711,1.08,-0.17,1.16,
17.9633121490479,1.06,0.12,0.97,
17.9735250473022,1.08,0.21,0.83,
17.9834291934967,1.04,-0.08,0.77,
17.9933722019196,1,-0.57,0.79,
18.0032420158386,0.83,-0.89,0.84,
18.0131950378418,0.65,-0.76,0.86,
18.0232381820679,0.56,-0.33,0.85,
18.0341081619263,0.53,0.14,0.83,
18.0510482788086,0.52,0.36,0.85,
18.0527100563049,0.42,0.26,0.93,
18.0628533363342,0.25,0.04,1.01,
18.0727541446686,0.09,0.14,1.04,
18.0827782154083,0.07,0.67,0.9,
18.0925981998444,0.2,1.36,0.59,
18.1026582717896,0.34,1.77,0.31,
18.1124172210693,0.38,1.6,0.2,
18.1225152015686,0.32,0.93,0.2,
18.1340022087097,0.24,0.09,0.15,
18.1503322124481,0.11,-0.57,-0.04,
18.1521263122559,-0.05,-0.86,-0.25,
18.1624760627747,-0.11,-0.91,-0.34,
18.1720190048218,-0.1,-0.79,-0.42,
18.1818900108337,-0.1,-0.58,-0.4,
18.1920251846313,-0.2,-0.43,-0.3,
18.2017381191254,-0.24,-0.42,-0.24,
18.2117400169373,-0.26,-0.46,-0.12,
18.2220072746277,-0.33,-0.41,0.04,
18.2317931652069,-0.42,-0.21,0.17,
18.2510101795197,-0.51,0.13,0.27,
18.2537150382996,-0.53,0.56,0.33,
18.2612652778626,-0.55,0.9,0.39,
18.2713470458984,-0.57,0.97,0.37,
18.2812461853027,-0.47,0.76,0.25,
18.2912173271179,-0.36,0.53,0.15,
18.3011491298676,-0.31,0.44,0.11,
18.3110041618347,-0.27,0.44,-0.03,
18.3212251663208,-0.19,0.45,-0.19,
18.3311111927032,-0.12,0.37,-0.31,
18.3502371311188,-0.08,-0.31,-0.44,
18.3528981208801,-0.08,-0.31,-0.44,
18.3607361316681,0,-0.63,-0.42,
18.3706471920013,0.1,-0.69,-0.31,
18.3804211616516,0.16,-0.42,-0.17,
18.3906931877136,0.21,0.11,-0.08,
18.4003281593323,0.24,0.79,-0.09,
18.4103882312775,0.18,1.37,-0.08,
18.4206402301788,0,1.52,-0.07,
18.4303691387177,-0.12,1.08,-0.06,
18.449077129364,-0.24,0.26,0.04,
18.4517891407013,-0.3,-0.54,0.22,
18.4599361419678,-0.3,-0.82,0.31,
18.4699430465698,-0.29,-0.48,0.25,
18.4801242351532,-0.31,0.14,0.17,
18.4897422790527,-0.33,0.52,0.15,
18.4995832443237,-0.33,0.4,0.2,
18.5110740661621,-0.32,-0.02,0.29,
18.5196232795715,-0.27,-0.35,0.36,
18.5293912887573,-0.15,-0.29,0.42,
18.5396432876587,-0.04,0.17,0.43,
18.5596933364868,0.2,0.88,0.02,
18.5615141391754,0.2,0.88,0.02,
18.5693273544312,0.25,0.65,-0.17,
18.5791110992432,0.23,0.09,-0.35,
18.5891852378845,0.2,-0.55,-0.45,
18.5989711284637,0.18,-0.96,-0.39,
18.6090421676636,0.17,-0.98,-0.35,
18.6190342903137,0.18,-0.67,-0.35,
18.6288962364197,0.17,-0.34,-0.29,
18.6398882865906,0.12,-0.21,-0.15,
18.6586921215057,0.08,-0.4,0.16,
18.6610350608826,0.08,-0.4,0.16,
18.6682591438293,0.07,-0.34,0.31,
18.6782622337341,0.07,-0.08,0.45,
18.688324213028,0.11,0.27,0.5,
18.6982502937317,0.18,0.49,0.48,
18.7081170082092,0.25,0.47,0.42,
18.7180621623993,0.29,0.23,0.31,
18.7279851436615,0.29,-0.06,0.17,
18.7381730079651,0.28,-0.26,0.02,
18.7586750984192,0.36,-0.13,-0.22,
18.7606053352356,0.36,-0.13,-0.22,
18.7676701545715,0.38,0.01,-0.32,
18.7777380943298,0.36,-0.03,-0.36,
18.7878661155701,0.27,-0.29,-0.36,
18.7974772453308,0.16,-0.64,-0.32,
18.8075971603394,0.09,-0.84,-0.27,
18.8175282478333,0.07,-0.75,-0.2,
18.8273983001709,0.13,-0.4,-0.13,
18.8374831676483,0.19,0.08,-0.07,
18.858882188797,0.2,0.53,0.02,
18.859842300415,0.2,0.53,0.02,
18.8667562007904,0.11,0.35,0.08,
18.8772840499878,0.03,0.09,0.1,
18.8867340087891,0,-0.14,0.07,
18.8966572284699,0,-0.26,0.02,
18.9067461490631,0.03,-0.22,-0.04,
18.9165921211243,0.07,0,-0.1,
18.9267361164093,0.11,0.35,-0.19,
18.9367871284485,0.15,0.69,-0.36,
18.9559841156006,0.04,0.45,-0.63,
18.958348274231,0.04,0.45,-0.63,
18.9663581848145,-0.03,-0.21,-0.69,
18.9763672351837,-0.07,-0.81,-0.69,
18.9861640930176,-0.1,-0.9,-0.64,
18.9960701465607,-0.09,-0.49,-0.67,
19.0059921741486,-0.04,0.15,-0.76,
19.0168671607971,-0.09,0.59,-0.84,
19.0258460044861,-0.25,0.5,-0.82,
19.0359091758728,-0.36,-0.05,-0.74,
19.0542960166931,-0.43,-0.68,-0.6,
19.05615234375,-0.48,-1.07,-0.47,
19.0654063224792,-0.49,-1.04,-0.35,
19.075572013855,-0.52,-0.55,-0.23,
19.0855240821838,-0.55,0.22,-0.17,
19.0952272415161,-0.55,0.91,-0.18,
19.105152130127,-0.55,1.17,-0.25,
19.1152172088623,-0.58,0.91,-0.31,
19.1253142356873,-0.63,0.31,-0.35,
19.1352941989899,-0.68,-0.25,-0.4,
19.1548161506653,-0.74,-0.24,-0.54,
19.157219171524,-0.74,-0.24,-0.54,
19.1645951271057,-0.73,0.06,-0.63,
19.174830198288,-0.77,0.24,-0.71,
19.1846942901611,-0.8,0.14,-0.78,
19.1949582099915,-0.78,-0.11,-0.82,
19.2046082019806,-0.75,-0.28,-0.84,
19.2143421173096,-0.73,-0.26,-0.84,
19.2245402336121,-0.76,-0.11,-0.81,
19.2344841957092,-0.89,0.14,-0.78,
19.2537541389465,-1.13,0.31,-0.79,
19.2563920021057,-1.13,0.31,-0.79,
19.2640280723572,-1.15,0.15,-0.8,
19.2740721702576,-1.12,-0.19,-0.8,
19.2841551303864,-1.06,-0.5,-0.79,
19.2939891815186,-1,-0.59,-0.77,
19.3037312030792,-1,-0.46,-0.72,
19.3137340545654,-1.01,-0.17,-0.6,
19.3236832618713,-1.06,0.04,-0.45,
19.3335831165314,-1.01,0.09,-0.38,
19.3442850112915,-0.89,0.04,-0.4,
19.3617651462555,-0.73,-0.11,-0.43,
19.3644642829895,-0.51,-0.33,-0.44,
19.3736081123352,-0.26,-0.52,-0.44,
19.383171081543,0.02,-0.62,-0.37,
19.3932712078095,0.33,-0.64,-0.21,
19.4030301570892,0.59,-0.6,0.01,
19.4130363464355,0.72,-0.47,0.25,
19.4231200218201,0.73,-0.24,0.43,
19.4328212738037,0.74,0.07,0.59,
19.4435391426086,0.85,0.36,0.74,
19.4609522819519,1.01,0.51,0.84,
19.4630701541901,1.2,0.51,0.9,
19.4725811481476,1.25,0.33,0.89,
19.4824223518372,1.16,0.16,0.84,
19.4925851821899,0.94,0.17,0.85,
19.5023641586304,0.82,0.23,0.9,
19.5124931335449,0.94,0.25,0.93,
19.5221931934357,1.15,0.13,0.95,
19.531955242157,1.33,-0.17,0.97,
19.54225730896,1.38,-0.63,0.97,
19.5620002746582,1.26,-1.01,1.11,
19.5637991428375,1.26,-1.01,1.11,
19.5718231201172,1.19,-0.86,1.25,
19.5817492008209,1.14,-0.55,1.25,
19.5918292999268,0.99,-0.05,1.12,
19.6018662452698,0.86,0.5,0.98,
19.6116352081299,0.89,0.84,0.94,
19.6215212345123,0.99,0.97,1.02,
19.6315712928772,0.98,0.85,1.11,
19.6428060531616,0.84,0.49,1.12,
19.6617150306702,0.69,-0.38,0.87,
19.6633281707764,0.69,-0.38,0.87,
19.6712532043457,0.7,-0.48,0.56,
19.6809132099152,0.7,-0.28,0.36,
19.6912913322449,0.64,0.09,0.44,
19.7008843421936,0.61,0.48,0.55,
19.7108020782471,0.63,0.76,0.53,
19.7208151817322,0.56,0.8,0.42,
19.7306501865387,0.44,0.47,0.27,
19.7422013282776,0.27,-0.07,0.18,
19.7589781284332,0.07,-0.59,0.2,
19.7608132362366,-0.12,-0.89,0.31,
19.7702412605286,-0.27,-0.87,0.46,
19.7804613113403,-0.34,-0.56,0.56,
19.790292263031,-0.32,0.01,0.52,
19.8001980781555,-0.23,0.6,0.37,
19.8102471828461,-0.09,1.04,0.2,
19.819972038269,-0.01,1.1,0.1,
19.8299860954285,0.05,0.81,-0.03,
19.840799331665,0.1,0.42,-0.19,
19.8581233024597,0.1,0.2,-0.3,
19.8597660064697,0.08,0.11,-0.37,
19.8698773384094,0.08,-0.06,-0.41,
19.8795471191406,0.06,-0.35,-0.38,
19.8894791603088,-0.01,-0.62,-0.32,
19.8995141983032,-0.05,-0.75,-0.27,
19.9094462394714,-0.04,-0.55,-0.23,
19.9192543029785,-0.05,-0.01,-0.18,
19.9292781352997,-0.06,0.62,-0.2,
19.9392712116241,-0.06,1,-0.28,
19.9583351612091,-0.13,0.95,-0.27,
19.9607100486755,-0.26,0.54,-0.18,
19.9690670967102,-0.37,0.01,-0.1,
19.9787821769714,-0.45,-0.34,-0.07,
19.9889121055603,-0.46,-0.3,-0.06,
19.9986343383789,-0.42,0.02,-0.07,
20.0085351467133,-0.42,0.35,-0.07,
20.0187032222748,-0.49,0.36,-0.07,
20.0287041664124,-0.57,0.04,-0.01,
20.0386872291565,-0.59,-0.33,0.1,
20.0591893196106,-0.44,-0.18,0.3,
20.0607333183289,-0.44,-0.18,0.3,
20.0683531761169,-0.37,0.23,0.28,
20.0781540870667,-0.26,0.47,0.24,
20.0884490013123,-0.14,0.39,0.2,
20.0979323387146,-0.07,0.08,0.18,
20.1079850196838,-0.01,-0.15,0.14,
20.1181001663208,0.06,-0.07,0.04,
20.1279871463776,0.14,0.22,-0.08,
20.1381483078003,0.17,0.47,-0.2,
20.1490073204041,0.11,0.48,-0.33,
20.1687171459198,0.09,-0.39,-0.38,
20.1705622673035,0.09,-0.39,-0.38,
20.1774621009827,0.06,-0.89,-0.33,
20.1875190734863,0.02,-1.15,-0.24,
20.1971771717072,0.01,-1.08,-0.12,
20.2073082923889,0.03,-0.7,-0.01,
20.2170662879944,0.03,-0.15,0.07,
20.2271151542664,0.03,0.28,0.15,
20.2371871471405,0.05,0.42,0.23,
20.248279094696,0.06,0.34,0.31,
20.2674412727356,0.05,0.09,0.39,
20.2692701816559,0.05,0.09,0.39,
20.2765111923218,0.04,0.17,0.37,
20.2868571281433,-0.01,0.26,0.26,
20.2964773178101,-0.07,0.17,0.17,
20.3065853118897,-0.08,-0.15,0.1,
20.3164000511169,-0.05,-0.47,0.09,
20.3263552188873,-0.01,-0.52,0.11,
20.3364992141724,0.08,-0.23,0.07,
20.3486611843109,0.19,0.24,-0.02,
20.3661761283875,0.23,0.57,-0.14,
20.3682723045349,0.23,0.57,-0.14,
20.3758430480957,0.2,0.26,-0.21,
20.3860540390015,0.16,-0.18,-0.28,
20.3956580162048,0.14,-0.5,-0.37,
20.4058752059937,0.19,-0.46,-0.41,
20.4156451225281,0.26,-0.01,-0.44,
20.4256591796875,0.34,0.61,-0.53,
20.4357402324677,0.33,0.95,-0.62,
20.4458870887756,0.21,0.69,-0.66,
20.4652922153473,-0.06,-0.95,-0.57,
20.4680380821228,-0.06,-0.95,-0.57,
20.4751152992249,-0.18,-1.55,-0.42,
20.4854950904846,-0.26,-1.65,-0.26,
20.4950432777405,-0.31,-1.26,-0.12,
20.5051412582397,-0.34,-0.6,-0.03,
20.5149130821228,-0.35,0.12,0.04,
20.5249180793762,-0.35,0.65,0.13,
20.5350580215454,-0.34,0.89,0.18,
20.5452082157135,-0.31,0.94,0.13,
20.5631213188171,-0.26,0.89,0.03,
20.5655550956726,-0.27,0.77,-0.11,
20.5746340751648,-0.33,0.53,-0.27,
20.5846071243286,-0.42,0.22,-0.44,
20.594318151474,-0.47,-0.06,-0.61,
20.6044273376465,-0.48,-0.23,-0.76,
20.6141631603241,-0.49,-0.3,-0.86,
20.6244029998779,-0.52,-0.32,-0.91,
20.6341111660004,-0.57,-0.28,-0.94,
20.6465301513672,-0.64,-0.24,-0.93,
20.6632580757141,-0.7,-0.29,-0.86,
20.6659350395203,-0.76,-0.38,-0.74,
20.6738312244415,-0.83,-0.42,-0.66,
20.6838593482971,-0.88,-0.35,-0.62,
20.6936361789703,-0.93,-0.16,-0.6,
20.7037000656128,-0.97,0.1,-0.59,
20.7135963439941,-0.97,0.33,-0.62,
20.723738193512,-0.99,0.49,-0.66,
20.7334380149841,-1.04,0.54,-0.7,
20.7444941997528,-1.1,0.41,-0.75,
20.7634992599487,-1.21,-0.16,-0.91,
20.7653691768646,-1.21,-0.16,-0.91,
20.7730641365051,-1.26,-0.34,-1.02,
20.7830910682678,-1.31,-0.26,-1.11,
20.7929100990295,-1.33,-0.06,-1.17,
20.8031601905823,-1.3,0.09,-1.2,
20.8126311302185,-1.22,0.04,-1.2,
20.8227782249451,-1.09,-0.2,-1.17,
20.8326041698456,-0.94,-0.46,-1.1,
20.8426852226257,-0.8,-0.62,-0.92,
20.8608422279358,-0.66,-0.7,-0.68,
20.8635292053223,-0.47,-0.69,-0.41,
20.8721871376038,-0.28,-0.58,-0.17,
20.882294178009,-0.09,-0.38,0.05,
20.8927111625671,0.1,-0.15,0.25,
20.9022121429443,0.3,0.08,0.41,
20.9120020866394,0.5,0.28,0.52,
20.9220633506775,0.66,0.42,0.59,
20.9317922592163,0.8,0.47,0.62,
20.9423322677612,0.93,0.41,0.64,
20.9528942108154,1.13,0.26,0.66,
20.9723751544952,1.43,-0.04,0.64,
20.9739382266998,1.43,-0.04,0.64,
20.9815351963043,1.45,-0.14,0.66,
20.9914350509644,1.5,-0.23,0.72,
21.001588344574,1.61,-0.35,0.77,
21.0113041400909,1.67,-0.45,0.82,
21.0213012695313,1.56,-0.49,0.92,
21.0313401222229,1.3,-0.48,1.05,
21.0412583351135,1.19,-0.34,1.16,
21.0520961284637,1.21,-0.08,1.21,
21.0698390007019,1.34,0.27,1.21,
21.0722951889038,1.38,0.59,1.16,
21.0808620452881,1.16,0.79,1.13,
21.0906562805176,0.84,0.78,1.17,
21.1008191108704,0.72,0.56,1.22,
21.1105501651764,0.8,0.24,1.21,
21.1209001541138,0.95,-0.08,1.13,
21.1303563117981,1.02,-0.21,1.03,
21.1404962539673,0.92,-0.02,1.02,
21.1505801677704,0.78,0.33,1,
21.1704001426697,0.73,0.61,0.6,
21.1719760894775,0.73,0.61,0.6,
21.1799712181091,0.63,0.37,0.37,
21.1901431083679,0.44,-0.11,0.34,
21.2001111507416,0.28,-0.6,0.52,
21.2100892066956,0.18,-0.78,0.73,
21.2198762893677,0.09,-0.56,0.8,
21.2296953201294,0.11,-0.12,0.67,
21.2399401664734,0.1,0.39,0.49,
21.2497751712799,0.02,0.74,0.43,
21.2693662643433,-0.07,0.44,0.48,
21.2718210220337,-0.07,0.44,0.48,
21.2793641090393,-0.07,0.16,0.45,
21.2894372940063,-0.1,0.06,0.38,
21.2995800971985,-0.05,0.21,0.29,
21.3091320991516,0.04,0.54,0.12,
21.3191432952881,0.13,0.79,-0.11,
21.3291401863098,0.16,0.73,-0.33,
21.3394331932068,0.12,0.33,-0.44,
21.3490691184998,0.06,-0.19,-0.45,
21.3686470985413,0.1,-0.51,-0.48,
21.3712501525879,0.1,-0.51,-0.48,
21.3786063194275,0.13,-0.27,-0.52,
21.3886570930481,0.12,0.02,-0.47,
21.3983960151672,0.06,0.19,-0.44,
21.4084792137146,-0.04,0.14,-0.42,
21.4184470176697,-0.11,-0.12,-0.34,
21.428503036499,-0.17,-0.37,-0.17,
21.4384460449219,-0.27,-0.43,0.05,
21.4491720199585,-0.31,-0.23,0.22,
21.4674153327942,-0.29,0.24,0.33,
21.4701662063599,-0.24,0.76,0.4,
21.4778821468353,-0.21,1.09,0.39,
21.4877190589905,-0.21,1.06,0.32,
21.4976861476898,-0.2,0.78,0.26,
21.5078291893005,-0.16,0.44,0.17,
21.5179591178894,-0.11,0.24,0.03,
21.5274631977081,-0.06,0.25,-0.14,
21.5376121997833,-0.01,0.32,-0.28,
21.5473902225494,-0.02,0.27,-0.38,
21.5656921863556,-0.08,-0.05,-0.4,
21.5682420730591,-0.11,-0.55,-0.29,
21.5770292282105,-0.13,-0.92,-0.18,
21.5872182846069,-0.12,-0.95,-0.08,
21.597067117691,-0.1,-0.57,0,
21.6072821617126,-0.07,0.04,0.05,
21.6169443130493,0.02,0.58,0.1,
21.626784324646,0.08,0.78,0.12,
21.6368992328644,0.13,0.55,0.15,
21.6467943191528,0.09,0.06,0.17,
21.6663360595703,0.05,-0.55,0.07,
21.6685090065002,0.05,-0.55,0.07,
21.6774082183838,0.08,-0.24,0.02,
21.6865210533142,0.1,0.16,-0.07,
21.6965072154999,0.14,0.26,-0.1,
21.7063231468201,0.1,-0.01,-0.05,
21.7163281440735,-0.03,-0.47,0,
21.7259812355042,-0.13,-0.88,0.11,
21.7361912727356,-0.17,-1.03,0.26,
21.7458322048187,-0.18,-0.81,0.39,
21.7573812007904,-0.16,-0.29,0.44,
21.7759871482849,-0.1,0.51,0.41,
21.7775661945343,-0.1,0.51,0.41,
21.7858142852783,-0.07,0.45,0.39,
21.7955913543701,-0.03,0.36,0.36,
21.8055810928345,0.06,0.44,0.3,
21.8155741691589,0.16,0.7,0.12,
21.8253450393677,0.24,0.91,-0.11,
21.8354163169861,0.26,0.84,-0.31,
21.8451762199402,0.23,0.41,-0.49,
21.8564863204956,0.2,-0.25,-0.63,
21.8742990493774,0.16,-0.87,-0.69,
21.8770051002502,0.1,-1.27,-0.71,
21.884895324707,0.09,-1.39,-0.65,
21.8948402404785,0.11,-1.24,-0.54,
21.9048581123352,0.14,-0.94,-0.43,
21.9147672653198,0.11,-0.62,-0.29,
21.9245862960815,0.06,-0.32,-0.11,
21.9347231388092,0.02,-0.09,0.06,
21.9444522857666,0.04,0.15,0.21,
21.9561362266541,0.08,0.5,0.33,
21.9730381965637,0.12,0.94,0.34,
21.9750101566315,0.14,1.32,0.23,
21.9842600822449,0.11,1.42,0.1,
21.9941930770874,0.04,1.04,-0.01,
22.0041513442993,-0.02,0.29,-0.12,
22.0139780044556,-0.04,-0.46,-0.27,
22.0238652229309,-0.02,-0.82,-0.43,
22.033970117569,0.03,-0.68,-0.56,
22.0438611507416,0.05,-0.22,-0.68,
22.0541801452637,0.03,0.22,-0.78,
22.0738852024078,-0.08,0.07,-0.77,
22.0755212306976,-0.08,0.07,-0.77,
22.083348274231,-0.19,-0.38,-0.68,
22.0934901237488,-0.25,-0.77,-0.57,
22.1033072471619,-0.25,-0.88,-0.45,
22.1131381988525,-0.26,-0.65,-0.33,
22.123241186142,-0.31,-0.16,-0.23,
22.1332042217255,-0.37,0.38,-0.17,
22.1432762145996,-0.44,0.76,-0.17,
22.1533060073853,-0.53,0.85,-0.19,
22.1726891994476,-0.71,0.21,-0.25,
22.1750431060791,-0.71,0.21,-0.25,
22.1827902793884,-0.72,-0.11,-0.23,
22.1925630569458,-0.72,-0.13,-0.21,
22.2027530670166,-0.75,0.14,-0.24,
22.2125191688538,-0.8,0.51,-0.33,
22.2224771976471,-0.86,0.74,-0.47,
22.2326881885529,-0.87,0.67,-0.61,
22.2422432899475,-0.84,0.25,-0.72,
22.2525281906128,-0.84,-0.3,-0.78,
22.2712721824646,-0.89,-0.68,-0.79,
22.2737083435059,-0.93,-0.71,-0.77,
22.2821671962738,-0.95,-0.48,-0.78,
22.2920160293579,-0.97,-0.18,-0.81,
22.3018760681152,-0.97,0.05,-0.85,
22.3116321563721,-0.97,0.15,-0.88,
22.3219921588898,-0.94,0.19,-0.89,
22.3318300247192,-0.97,0.24,-0.91,
22.3414702415466,-1.07,0.27,-0.97,
22.3518872261047,-1.13,0.16,-1.05,
22.3714852333069,-1.11,-0.27,-1.07,
22.37309217453,-1.11,-0.27,-1.07,
22.3812861442566,-1.18,-0.19,-1.1,
22.3912563323975,-1.31,0.07,-1.11,
22.4012291431427,-1.41,0.28,-1.14,
22.4113011360168,-1.45,0.28,-1.19,
22.4210901260376,-1.46,0.03,-1.3,
22.4312942028046,-1.43,-0.23,-1.35,
22.4409861564636,-1.38,-0.38,-1.31,
22.4511322975159,-1.31,-0.37,-1.2,
22.4714980125427,-1.11,-0.29,-0.77,
22.4731361865997,-1.11,-0.29,-0.77,
22.4805991649628,-0.96,-0.45,-0.52,
22.4906640052795,-0.77,-0.49,-0.27,
22.5009431838989,-0.6,-0.31,-0.02,
22.5103650093079,-0.4,-0.01,0.17,
22.520259141922,-0.18,0.21,0.31,
22.5305290222168,0.07,0.22,0.36,
22.5403380393982,0.29,0.08,0.34,
22.5505931377411,0.43,-0.02,0.33,
22.561222076416,0.48,0,0.34,
22.5799441337585,0.62,0.1,0.37,
22.5819573402405,0.62,0.1,0.37,
22.5899472236633,0.66,0.03,0.34,
22.5997531414032,0.74,-0.1,0.33,
22.609646320343,0.83,-0.2,0.35,
22.6196403503418,0.92,-0.14,0.4,
22.6296372413635,0.97,0.01,0.49,
22.6398410797119,1.05,0.11,0.57,
22.6495912075043,1.15,0.05,0.63,
22.6604151725769,1.22,-0.03,0.63,
22.6803560256958,1.28,-0.15,0.66,
22.6824841499329,1.28,-0.15,0.66,
22.6890692710876,1.41,-0.16,0.74,
22.6990671157837,1.54,-0.19,0.84,
22.7088871002197,1.55,-0.14,0.94,
22.7188801765442,1.41,-0.04,1.03,
22.7292342185974,1.34,0.12,1.1,
22.7389712333679,1.36,0.21,1.12,
22.748880147934,1.47,0.17,1.08,
22.7587862014771,1.62,0.11,1.04,
22.7800850868225,1.54,-0.17,1.1,
22.7810440063477,1.54,-0.17,1.1,
22.7893033027649,1.39,-0.35,1.25,
22.7983551025391,1.24,-0.53,1.38,
22.8082301616669,1.16,-0.46,1.42,
22.8181662559509,1.11,-0.1,1.38,
22.8280220031738,1.13,0.41,1.26,
22.8380150794983,1.19,0.87,1.14,
22.8480710983276,1.19,1.06,1.09,
22.8579273223877,1.12,0.91,1.09,
22.8773050308228,0.81,0.2,0.99,
22.8799891471863,0.81,0.2,0.99,
22.8876791000366,0.75,-0.07,0.9,
22.8975863456726,0.79,-0.29,0.84,
22.9076533317566,0.92,-0.57,0.79,
22.9174041748047,0.89,-0.79,0.73,
22.9273591041565,0.69,-0.82,0.67,
22.9374392032623,0.53,-0.63,0.62,
22.9472641944885,0.45,-0.16,0.6,
22.9596211910248,0.4,0.35,0.64,
22.9768300056458,0.29,0.39,0.86,
22.9795641899109,0.29,0.39,0.86,
22.986878156662,0.24,0.05,0.88,
22.9968981742859,0.26,-0.13,0.8,
23.0068771839142,0.28,0.13,0.64,
23.0166592597961,0.3,0.89,0.45,
23.0266270637512,0.36,1.83,0.19,
23.036853313446,0.42,2.4,-0.18,
23.046688079834,0.45,2.16,-0.48,
23.0566000938416,0.38,1.17,-0.59,
23.0761842727661,0.18,-1.44,-0.49,
23.0788841247559,0.18,-1.44,-0.49,
23.0860280990601,0.19,-2.06,-0.49,
23.0960941314697,0.16,-1.99,-0.61,
23.1061501502991,0.14,-1.48,-0.71,
23.1160173416138,0.01,-0.82,-0.67,
23.1262052059174,-0.17,-0.34,-0.46,
23.1358222961426,-0.31,-0.21,-0.12,
23.1457831859589,-0.39,-0.33,0.26,
23.1559331417084,-0.44,-0.49,0.62,
23.1754970550537,-0.38,-0.05,1.08,
23.1773753166199,-0.38,-0.05,1.08,
23.1854710578918,-0.37,0.65,1.17,
23.1953852176666,-0.31,1.39,1.12,
23.205423116684,-0.22,1.99,0.94,
23.215380191803,-0.22,2.35,0.74,
23.225203037262,-0.18,2.32,0.48,
23.2351670265198,-0.16,1.84,0.16,
23.245147228241,-0.24,0.95,-0.12,
23.255145072937,-0.4,-0.16,-0.41,
23.2751030921936,-0.49,-1.35,-0.55,
23.2769103050232,-0.49,-1.35,-0.55,
23.2848801612854,-0.46,-1.16,-0.6,
23.294685125351,-0.5,-0.77,-0.7,
23.3049402236938,-0.5,-0.49,-0.71,
23.3146011829376,-0.53,-0.38,-0.54,
23.3244380950928,-0.55,-0.41,-0.24,
23.3344311714172,-0.45,-0.39,0.05,
23.3443131446838,-0.34,-0.14,0.16,
23.3544661998749,-0.28,0.23,0.18,
23.3644061088562,-0.18,0.49,0.22,
23.385064125061,0.08,0.41,0.25,
23.3866441249847,0.08,0.41,0.25,
23.3939900398254,0.18,0.23,0.2,
23.4040191173553,0.33,0.12,0.08,
23.4136919975281,0.43,0.1,-0.07,
23.4237170219421,0.45,0.1,-0.2,
23.4337162971497,0.41,0.05,-0.31,
23.4437911510468,0.36,-0.04,-0.4,
23.4534602165222,0.31,-0.23,-0.38,
23.464250087738,0.25,-0.51,-0.29,
23.4820151329041,0.17,-0.79,-0.16,
23.4841501712799,0.11,-0.9,-0.01,
23.4931831359863,0.03,-0.69,0.13,
23.5030822753906,0.04,-0.19,0.19,
23.5131421089172,0.08,0.41,0.23,
23.5230271816254,0.08,0.8,0.24,
23.5330781936646,0.03,0.77,0.23,
23.5428080558777,0.02,0.44,0.27,
23.5529050827026,-0.01,0.04,0.27,
23.5629601478577,-0.04,-0.22,0.16,
23.5828080177307,-0.02,-0.17,-0.07,
23.5846621990204,-0.02,-0.17,-0.07,
23.5922141075134,0,-0.09,-0.15,
23.6025552749634,0,-0.13,-0.22,
23.6123621463776,-0.01,-0.21,-0.26,
23.6226100921631,-0.02,-0.24,-0.25,
23.6322062015533,0.01,-0.1,-0.24,
23.6421370506287,0.04,0.15,-0.28,
23.6520881652832,0.05,0.38,-0.38,
23.6631841659546,0.01,0.36,-0.45,
23.6820931434631,-0.1,-0.21,-0.45,
23.6839981079102,-0.1,-0.21,-0.45,
23.6916861534119,-0.12,-0.35,-0.41,
23.7018051147461,-0.14,-0.33,-0.4,
23.711745262146,-0.18,-0.25,-0.4,
23.721607208252,-0.21,-0.23,-0.4,
23.7316021919251,-0.24,-0.28,-0.41,
23.7414481639862,-0.25,-0.33,-0.42,
23.751531124115,-0.24,-0.29,-0.35,
23.7614450454712,-0.25,-0.11,-0.25,
23.7821991443634,-0.34,0.27,-0.19,
23.7841601371765,-0.34,0.27,-0.19,
23.7909049987793,-0.4,0.16,-0.23,
23.801342010498,-0.47,-0.11,-0.25,
23.8108730316162,-0.49,-0.27,-0.24,
23.8209590911865,-0.46,-0.18,-0.24,
23.8307421207428,-0.42,0.12,-0.25,
23.8407661914825,-0.41,0.42,-0.31,
23.8504900932312,-0.41,0.51,-0.4,
23.8607892990112,-0.42,0.33,-0.51,
23.8794722557068,-0.41,0,-0.6,
23.8821182250977,-0.42,-0.25,-0.66,
23.8904671669006,-0.44,-0.25,-0.71,
23.9003701210022,-0.47,-0.14,-0.75,
23.9100751876831,-0.53,-0.07,-0.76,
23.9202551841736,-0.6,-0.16,-0.74,
23.9300701618195,-0.64,-0.36,-0.7,
23.9399633407593,-0.69,-0.49,-0.67,
23.9499351978302,-0.71,-0.49,-0.62,
23.9599342346191,-0.74,-0.38,-0.56,
23.9786682128906,-0.8,-0.13,-0.47,
23.9816792011261,-0.84,0.22,-0.43,
23.989098072052,-0.84,0.58,-0.47,
23.9996943473816,-0.83,0.79,-0.58,
24.0093450546265,-0.87,0.7,-0.7,
24.0193791389465,-0.93,0.33,-0.79,
24.0293402671814,-0.99,-0.08,-0.87,
24.0392141342163,-1.04,-0.35,-0.96,
24.0492763519287,-1.09,-0.44,-1.06,
24.0591552257538,-1.12,-0.46,-1.15,
24.0773782730103,-1.13,-0.4,-1.19,
24.0798692703247,-1.11,-0.32,-1.19,
24.0886671543121,-1.06,-0.27,-1.15,
24.0989701747894,-0.98,-0.26,-1.05,
24.1087031364441,-0.91,-0.24,-0.9,
24.1187572479248,-0.81,-0.21,-0.73,
24.1286211013794,-0.67,-0.18,-0.57,
24.1384563446045,-0.49,-0.19,-0.43,
24.1485052108765,-0.3,-0.18,-0.28,
24.1587762832642,-0.13,-0.17,-0.13,
24.1694922447205,0.07,-0.15,0.03,
24.1886551380157,0.49,-0.14,0.33,
24.1902451515198,0.49,-0.14,0.33,
24.1980710029602,0.62,-0.15,0.46,
24.20787525177,0.71,-0.14,0.58,
24.2180552482605,0.83,-0.13,0.71,
24.2276940345764,1.02,-0.11,0.82,
24.237823009491,1.21,-0.11,0.9,
24.2479951381683,1.38,-0.15,0.93,
24.2575860023499,1.49,-0.14,0.92,
24.2687983512878,1.53,-0.03,0.89,
24.2873401641846,1.4,0.29,1.06,
24.2897610664368,1.4,0.29,1.06,
24.2974681854248,1.38,0.27,1.2,
24.3072111606598,1.4,0.1,1.28,
24.3173670768738,1.45,-0.1,1.29,
24.3270220756531,1.5,-0.29,1.24,
24.3371572494507,1.53,-0.4,1.2,
24.3470501899719,1.48,-0.43,1.22,
24.3571331501007,1.28,-0.27,1.28,
24.367115020752,1.05,0.07,1.36,
24.3873081207275,1.03,0.74,1.17,
24.3889122009277,1.03,0.74,1.17,
24.3965971469879,1.03,0.9,0.96,
24.4065070152283,0.93,0.73,0.85,
24.4164991378784,0.75,0.27,0.92,
24.4263372421265,0.62,-0.28,1.1,
24.4364852905273,0.55,-0.62,1.24,
24.446307182312,0.58,-0.62,1.18,
24.4562110900879,0.66,-0.28,0.91,
24.4678063392639,0.63,0.3,0.64,
24.4845180511475,0.49,0.79,0.61,
24.4863781929016,0.38,0.95,0.74,
24.4959352016449,0.34,0.81,0.83,
24.5057651996613,0.31,0.48,0.83,
24.5160632133484,0.32,0.1,0.75,
24.5254712104797,0.32,-0.09,0.66,
24.5357322692871,0.23,0.04,0.56,
24.5455470085144,0.14,0.27,0.45,
24.5555131435394,0.16,0.45,0.26,
24.5656461715698,0.25,0.59,0.14,
24.5846753120422,0.25,0.64,0.07,
24.5866613388062,0.25,0.49,-0.04,
24.5952441692352,0.21,0.2,-0.11,
24.6053731441498,0.1,-0.1,-0.16,
24.6152052879334,0.01,-0.32,-0.21,
24.6248650550842,-0.02,-0.34,-0.26,
24.6348731517792,-0.02,-0.15,-0.31,
24.6447901725769,-0.05,0.1,-0.34,
24.6549320220947,-0.11,0.26,-0.35,
24.6648411750793,-0.15,0.24,-0.3,
24.6850402355194,-0.23,0,-0.18,
24.6866021156311,-0.23,0,-0.18,
24.6946041584015,-0.27,-0.08,-0.15,
24.7043232917786,-0.33,-0.05,-0.16,
24.7143561840057,-0.35,0.06,-0.18,
24.7242441177368,-0.33,0.18,-0.19,
24.7342681884766,-0.3,0.3,-0.23,
24.7439613342285,-0.3,0.33,-0.28,
24.7540702819824,-0.33,0.25,-0.31,
24.7642152309418,-0.39,0.06,-0.33,
24.7836282253265,-0.42,-0.35,-0.25,
24.7859501838684,-0.42,-0.35,-0.25,
24.7933793067932,-0.42,-0.36,-0.19,
24.8036890029907,-0.45,-0.22,-0.16,
24.8136501312256,-0.44,-0.01,-0.07,
24.8234431743622,-0.41,0.17,0.08,
24.8335123062134,-0.41,0.21,0.17,
24.8432731628418,-0.42,0.11,0.25,
24.8535423278809,-0.37,-0.02,0.36,
24.8633301258087,-0.32,0.03,0.4,
24.8828072547913,-0.12,0.57,0.29,
24.8851411342621,-0.12,0.57,0.29,
24.8930442333221,0.04,0.79,0.1,
24.9029660224915,0.17,0.75,-0.11,
24.9129643440247,0.22,0.41,-0.25,
24.9227511882782,0.22,-0.08,-0.36,
24.9328150749207,0.17,-0.5,-0.49,
24.9426321983337,0.13,-0.71,-0.56,
24.9526491165161,0.07,-0.76,-0.54,
24.9629821777344,0.01,-0.79,-0.44,
24.973690032959,-0.03,-0.86,-0.26,
24.9919242858887,-0.07,-0.93,-0.07,
24.9943611621857,-0.09,-0.86,0.13,
25.0022201538086,-0.1,-0.58,0.36,
25.0122671127319,-0.05,-0.09,0.64,
25.0219812393188,0.08,0.53,0.86,
25.0321021080017,0.24,1.19,0.91,
25.0418221950531,0.4,1.79,0.75,
25.0521750450134,0.49,2.13,0.43,
25.0618081092834,0.47,1.96,0.09,
25.0725541114807,0.39,1.2,-0.19,
25.0901770591736,0.28,0.09,-0.4,
25.0925221443176,0.21,-0.91,-0.53,
25.1014351844788,0.17,-1.4,-0.64,
25.1115140914917,0.16,-1.42,-0.76,
25.1212031841278,0.15,-1.22,-0.84,
25.1314301490784,0.13,-1.02,-0.82,
25.1413321495056,0.09,-0.89,-0.71,
25.1511950492859,0.04,-0.82,-0.56,
25.1611051559448,0.02,-0.7,-0.34,
25.1711871623993,-0.01,-0.44,-0.09,
25.1905062198639,-0.01,0.26,0.2,
25.1929693222046,-0.01,0.26,0.2,
25.2006440162659,-0.03,0.59,0.28,
25.2107930183411,-0.04,0.84,0.29,
25.2206292152405,-0.02,0.99,0.18,
25.2309212684631,-0.01,0.95,0.05,
25.2404341697693,-0.03,0.68,-0.08,
25.2505221366882,-0.05,0.3,-0.19,
25.2603282928467,-0.07,0.01,-0.28,
25.2702522277832,-0.06,-0.09,-0.4,
25.2888741493225,-0.05,-0.1,-0.51,
25.2911832332611,-0.07,-0.17,-0.58,
25.3000841140747,-0.09,-0.34,-0.6,
25.3100001811981,-0.11,-0.57,-0.62,
25.3201303482056,-0.14,-0.72,-0.63,
25.3299472332001,-0.15,-0.7,-0.6,
25.3397350311279,-0.14,-0.53,-0.48,
25.3497462272644,-0.17,-0.19,-0.32,
25.3596982955933,-0.2,0.18,-0.2,
25.370078086853,-0.23,0.37,-0.15,
25.3899331092834,-0.32,0.03,-0.16,
25.3917880058289,-0.32,0.03,-0.16,
25.3992023468018,-0.34,-0.23,-0.11,
25.4093480110168,-0.35,-0.31,-0.02,
25.4190211296082,-0.35,-0.19,-0.02,
25.4290542602539,-0.34,0.06,-0.09,
25.4389500617981,-0.37,0.31,-0.18,
25.4490733146667,-0.4,0.45,-0.26,
25.4591012001038,-0.43,0.46,-0.29,
25.4691042900085,-0.42,0.32,-0.35,
25.4887890815735,-0.42,-0.12,-0.52,
25.4902720451355,-0.42,-0.12,-0.52,
25.4987041950226,-0.49,-0.22,-0.6,
25.5085251331329,-0.55,-0.25,-0.63,
25.5182361602783,-0.59,-0.22,-0.62,
25.5284662246704,-0.63,-0.15,-0.58,
25.5382192134857,-0.64,-0.15,-0.55,
25.548192024231,-0.64,-0.14,-0.54,
25.5582990646362,-0.66,-0.07,-0.55,
25.5683550834656,-0.71,0.07,-0.6,
25.5880980491638,-0.77,0.23,-0.71,
25.5907821655273,-0.77,0.23,-0.71,
25.5979211330414,-0.79,0.15,-0.7,
25.6077702045441,-0.84,0.02,-0.7,
25.6177442073822,-0.9,-0.07,-0.7,
25.6278100013733,-0.94,-0.06,-0.75,
25.6378412246704,-0.98,0.04,-0.81,
25.6475901603699,-1.02,0.13,-0.87,
25.6575751304626,-1.08,0.12,-0.89,
25.6676261425018,-1.13,0.02,-0.9,
25.6879141330719,-1.18,-0.48,-0.9,
25.6895661354065,-1.18,-0.48,-0.9,
25.6972081661224,-1.17,-0.74,-0.89,
25.7070491313934,-1.15,-0.78,-0.86,
25.7169589996338,-1.12,-0.6,-0.79,
25.7270140647888,-1.07,-0.27,-0.7,
25.7367720603943,-0.99,0.02,-0.64,
25.7470450401306,-0.85,0.12,-0.59,
25.756844997406,-0.67,-0.02,-0.53,
25.7681112289429,-0.46,-0.32,-0.47,
25.776741027832,-0.21,-0.6,-0.38,
25.7982420921326,0.26,-0.84,-0.11,
25.799259185791,0.26,-0.84,-0.11,
25.8062462806702,0.45,-0.79,0.07,
25.8163642883301,0.56,-0.57,0.26,
25.8262572288513,0.61,-0.2,0.46,
25.8361883163452,0.71,0.18,0.62,
25.8461842536926,0.87,0.42,0.75,
25.8561940193176,1.04,0.51,0.85,
25.8661723136902,1.18,0.45,0.9,
25.8769283294678,1.3,0.29,0.92,
25.8960621356964,1.54,-0.1,0.96,
25.8978772163391,1.54,-0.1,0.96,
25.9055471420288,1.58,-0.25,0.99,
25.9155950546265,1.56,-0.32,0.99,
25.9254381656647,1.45,-0.27,1,
25.9354310035706,1.37,-0.1,1,
25.9457340240479,1.4,0.05,1.01,
25.9551711082459,1.49,0.12,1.08,
25.9654161930084,1.52,0.05,1.17,
25.9751992225647,1.4,-0.07,1.27,
25.994243144989,1.2,-0.19,1.33,
25.9968922138214,1.13,-0.26,1.28,
26.0049180984497,1.18,-0.1,1.14,
26.0148091316223,1.18,0.3,1.05,
26.0248980522156,1.1,0.8,1.05,
26.0348052978516,0.99,1.26,1.1,
26.0446171760559,0.83,1.55,1.11,
26.0544881820679,0.69,1.58,1.08,
26.0643939971924,0.69,1.19,0.96,
26.0752401351929,0.77,0.45,0.75,
26.0927011966705,0.7,-0.24,0.6,
26.0957260131836,0.52,-0.51,0.62,
26.1041312217712,0.44,-0.32,0.69,
26.1145362854004,0.48,0.13,0.6,
26.1239671707153,0.53,0.5,0.37,
26.1340281963348,0.51,0.48,0.16,
26.1439852714539,0.42,0.04,0.1,
26.1537690162659,0.34,-0.51,0.18,
26.1641001701355,0.29,-0.79,0.22,
26.1744003295898,0.24,-0.61,0.11,
26.1917281150818,0.19,-0.07,-0.05,
26.1950993537903,0.15,0.46,-0.1,
26.2037372589111,0.12,0.61,-0.04,
26.2133803367615,0.05,0.32,0.07,
26.2233352661133,-0.04,-0.21,0.2,
26.2332851886749,-0.11,-0.64,0.31,
26.2432761192322,-0.15,-0.65,0.37,
26.2531752586365,-0.16,-0.22,0.32,
26.2631251811981,-0.14,0.42,0.24,
26.2731022834778,-0.1,0.94,0.2,
26.2919161319733,-0.11,1.12,0.17,
26.2947912216187,-0.13,0.93,0.15,
26.3025259971619,-0.14,0.51,0.14,
26.3126871585846,-0.12,0.03,0.14,
26.3225882053375,-0.14,-0.3,0.12,
26.3324751853943,-0.15,-0.33,0.06,
26.3426461219788,-0.12,-0.1,-0.02,
26.3524231910706,-0.08,0.28,-0.11,
26.3623712062836,-0.06,0.57,-0.21,
26.3720903396606,-0.06,0.59,-0.3,
26.3885750770569,-0.08,0.35,-0.33,
26.391761302948,-0.1,-0.02,-0.3,
26.4019391536713,-0.11,-0.27,-0.27,
26.4118032455444,-0.1,-0.28,-0.27,
26.4218921661377,-0.07,-0.12,-0.25,
26.4318201541901,-0.07,0.06,-0.22,
26.4416832923889,-0.1,0.1,-0.21,
26.451592206955,-0.16,0.04,-0.15,
26.4616823196411,-0.24,-0.01,-0.02,
26.4714612960815,-0.29,0,0.06,
26.4895052909851,-0.32,0.04,0.1,
26.4914131164551,-0.36,0.02,0.17,
26.5012350082397,-0.42,-0.08,0.25,
26.5111413002014,-0.42,-0.19,0.33,
26.5211741924286,-0.4,-0.21,0.38,
26.5311002731323,-0.34,-0.09,0.42,
26.5409691333771,-0.25,0.15,0.42,
26.5508580207825,-0.15,0.38,0.39,
26.5611352920532,-0.1,0.48,0.28,
26.570864200592,-0.08,0.38,0.13,
26.582010269165,-0.03,0.13,-0.01,
26.6006360054016,0.05,-0.46,-0.24,
26.6030220985413,0.05,-0.46,-0.24,
26.6106352806091,0.09,-0.65,-0.28,
26.6203651428223,0.14,-0.69,-0.3,
26.6304512023926,0.18,-0.59,-0.26,
26.6402750015259,0.19,-0.38,-0.18,
26.650229215622,0.18,-0.14,-0.1,
26.6602330207825,0.19,0,-0.02,
26.6699090003967,0.2,0.01,0.05,
26.6809251308441,0.22,-0.06,0.08,
26.698441028595,0.23,-0.12,0.09,
26.7002651691437,0.27,-0.12,0.08,
26.7096371650696,0.32,-0.02,0.07,
26.7197270393372,0.37,0.17,0.01,
26.7297251224518,0.42,0.34,-0.09,
26.7394132614136,0.42,0.33,-0.17,
26.7495050430298,0.32,0.09,-0.25,
26.7594871520996,0.19,-0.26,-0.29,
26.7693221569061,0.12,-0.54,-0.3,
26.7794232368469,0.08,-0.61,-0.25,
26.7982993125916,0.06,-0.5,-0.19,
26.8006572723389,0.04,-0.35,-0.13,
26.8090300559998,0.01,-0.23,-0.08,
26.8190321922302,-0.05,-0.16,0,
26.8290300369263,-0.08,-0.12,0.03,
26.838849067688,-0.07,0.02,0.06,
26.848806142807,-0.06,0.32,0.09,
26.8587613105774,-0.01,0.69,0.05,
26.8688893318176,0.04,0.98,-0.07,
26.8790771961212,0.05,1,-0.2,
26.899453163147,-0.08,0.11,-0.39,
26.9010751247406,-0.08,0.11,-0.39,
26.9080991744995,-0.16,-0.39,-0.44,
26.9183382987976,-0.19,-0.69,-0.52,
26.9281940460205,-0.18,-0.75,-0.56,
26.9379391670227,-0.17,-0.61,-0.55,
26.9480731487274,-0.18,-0.38,-0.51,
26.9579741954803,-0.23,-0.13,-0.46,
26.9682421684265,-0.29,0.02,-0.37,
26.9780762195587,-0.3,0.02,-0.26,
26.9980120658875,-0.33,-0.19,-0.03,
26.9995651245117,-0.33,-0.19,-0.03,
27.0077171325684,-0.39,-0.2,0.04,
27.0175561904907,-0.43,-0.05,0.09,
27.0275173187256,-0.4,0.26,0.14,
27.0372252464294,-0.4,0.58,0.18,
27.0472271442413,-0.42,0.79,0.17,
27.0578122138977,-0.44,0.78,0.06,
27.0673823356628,-0.48,0.49,-0.11,
27.0773673057556,-0.54,0.02,-0.3,
27.0978181362152,-0.59,-0.79,-0.48,
27.0994200706482,-0.59,-0.79,-0.48,
27.1066541671753,-0.57,-0.78,-0.48,
27.1169312000275,-0.52,-0.54,-0.49,
27.1268701553345,-0.48,-0.18,-0.5,
27.1366181373596,-0.45,0.15,-0.49,
27.1465120315552,-0.45,0.29,-0.5,
27.1565291881561,-0.48,0.26,-0.55,
27.1665720939636,-0.53,0.16,-0.58,
27.1767551898956,-0.55,0.07,-0.55,
27.196542263031,-0.58,-0.03,-0.47,
27.1981601715088,-0.58,-0.03,-0.47,
27.2059471607208,-0.59,-0.02,-0.48,
27.2161903381348,-0.61,0.11,-0.54,
27.2260870933533,-0.63,0.27,-0.6,
27.2359070777893,-0.66,0.36,-0.63,
27.2458591461182,-0.72,0.32,-0.65,
27.2556290626526,-0.77,0.15,-0.66,
27.2658221721649,-0.82,0,-0.66,
27.2762470245361,-0.83,-0.05,-0.69,
27.2968373298645,-0.86,0.09,-0.85,
27.2977991104126,-0.86,0.09,-0.85,
27.3052451610565,-0.9,0.17,-0.91,
27.3154850006104,-0.95,0.18,-0.92,
27.3253130912781,-1.02,0.1,-0.92,
27.3352122306824,-1.12,-0.08,-0.93,
27.3451142311096,-1.21,-0.26,-0.91,
27.3550481796265,-1.26,-0.38,-0.87,
27.3651990890503,-1.27,-0.38,-0.84,
27.3750343322754,-1.27,-0.3,-0.82,
27.3857891559601,-1.27,-0.17,-0.8,
27.4046561717987,-1.24,-0.05,-0.75,
27.407121181488,-1.24,-0.05,-0.75,
27.4147951602936,-1.19,-0.15,-0.72,
27.4245553016663,-1.12,-0.33,-0.7,
27.4346082210541,-1.01,-0.48,-0.67,
27.444441318512,-0.86,-0.54,-0.63,
27.4543542861938,-0.68,-0.51,-0.56,
27.4641041755676,-0.45,-0.43,-0.45,
27.4743790626526,-0.19,-0.34,-0.3,
27.4853992462158,0.08,-0.27,-0.13,
27.5040030479431,0.43,-0.18,0.23,
27.5066311359406,0.43,-0.18,0.23,
27.5139801502228,0.49,-0.09,0.39,
27.5237302780151,0.53,0.05,0.51,
27.5336842536926,0.62,0.19,0.61,
27.5436463356018,0.76,0.27,0.67,
27.5535583496094,0.93,0.31,0.67,
27.5635223388672,1.06,0.32,0.66,
27.5734231472015,1.17,0.28,0.69,
27.5834202766418,1.28,0.18,0.74,
27.6017401218414,1.38,0.01,0.79,
27.6045391559601,1.47,-0.23,0.81,
27.6133003234863,1.54,-0.47,0.82,
27.6228122711182,1.6,-0.62,0.81,
27.6331520080566,1.61,-0.62,0.84,
27.6429853439331,1.59,-0.47,0.89,
27.6528952121735,1.6,-0.23,0.96,
27.6627702713013,1.63,0.02,1.04,
27.6728973388672,1.61,0.23,1.09,
27.6830852031708,1.5,0.37,1.1,
27.7040190696716,1.29,0.27,1.12,
27.7049851417542,1.29,0.27,1.12,
27.7124552726746,1.33,0.08,1.16,
27.7223851680756,1.3,-0.15,1.21,
27.7322392463684,1.21,-0.34,1.23,
27.7422652244568,1.09,-0.38,1.19,
27.7521321773529,1.01,-0.28,1.12,
27.7621202468872,0.99,-0.08,0.97,
27.7724523544312,0.94,0.23,0.85,
27.7830500602722,0.78,0.59,0.85,
27.8031041622162,0.74,0.91,0.86,
27.8040761947632,0.74,0.91,0.86,
27.8117532730103,0.81,0.82,0.76,
27.8218393325806,0.82,0.58,0.59,
27.8316502571106,0.67,0.27,0.43,
27.8414812088013,0.49,-0.04,0.38,
27.8514862060547,0.38,-0.27,0.34,
27.8615570068359,0.3,-0.35,0.34,
27.8714561462402,0.23,-0.35,0.38,
27.8814291954041,0.22,-0.33,0.33,
27.902280330658,0.1,-0.2,0.31,
27.9032530784607,0.1,-0.2,0.31,
27.9112401008606,-0.01,-0.12,0.39,
27.9208571910858,-0.11,-0.01,0.45,
27.9309821128845,-0.16,0.12,0.47,
27.9408383369446,-0.17,0.29,0.49,
27.9509100914001,-0.15,0.44,0.46,
27.9606332778931,-0.13,0.51,0.41,
27.9705352783203,-0.09,0.51,0.37,
27.9805150032043,-0.03,0.51,0.28,
27.9987692832947,0.05,0.58,0.11,
28.0011320114136,0.09,0.65,-0.1,
28.0103750228882,0.12,0.57,-0.29,
28.0201001167297,0.13,0.3,-0.47,
28.0302290916443,0.1,-0.09,-0.58,
28.0399823188782,0.07,-0.43,-0.58,
28.0500741004944,0.06,-0.58,-0.55,
28.0598051548004,0.06,-0.52,-0.54,
28.0697093009949,0.06,-0.36,-0.49,
28.0797662734985,0.06,-0.21,-0.38,
28.0978770256042,0.03,-0.12,-0.25,
28.0997242927551,-0.06,-0.11,-0.11,
28.1095731258392,-0.16,-0.13,0.07,
28.1193261146545,-0.25,-0.11,0.28,
28.1295552253723,-0.29,0.06,0.43,
28.1391839981079,-0.27,0.41,0.49,
28.1491751670837,-0.27,0.79,0.51,
28.1592631340027,-0.29,0.99,0.46,
28.1691181659699,-0.32,0.89,0.4,
28.179523229599,-0.38,0.56,0.36,
28.1901240348816,-0.42,0.17,0.29,
28.2087881565094,-0.42,-0.08,0.01,
28.2111263275147,-0.42,-0.08,0.01,
28.2186861038208,-0.41,-0.01,-0.1,
28.2285242080688,-0.41,-0.04,-0.16,
28.2385592460632,-0.4,-0.22,-0.16,
28.2486732006073,-0.36,-0.41,-0.06,
28.2585911750793,-0.29,-0.42,0.06,
28.2689123153687,-0.2,-0.17,0.12,
28.278480052948,-0.14,0.21,0.11,
28.2894642353058,-0.1,0.43,0.1,
28.3083081245422,-0.05,0.13,0.12,
28.3101601600647,-0.05,0.13,0.12,
28.3177900314331,-0.04,-0.02,0.05,
28.3280801773071,-0.03,-0.03,-0.03,
28.3377861976624,-0.05,-0.03,-0.09,
28.3478603363037,-0.12,-0.2,-0.11,
28.3580141067505,-0.15,-0.46,-0.05,
28.3676981925964,-0.15,-0.61,0.06,
28.377866268158,-0.1,-0.54,0.17,
28.3877091407776,-0.05,-0.27,0.24,
28.4077010154724,0.03,0.27,0.35,
28.4095101356506,0.03,0.27,0.35,
28.4170851707459,0.06,0.29,0.31,
28.4273290634155,0.13,0.28,0.3,
28.4370942115784,0.23,0.38,0.21,
28.4472451210022,0.33,0.55,0,
28.4570293426514,0.4,0.6,-0.22,
28.4669170379639,0.38,0.35,-0.4,
28.4768571853638,0.31,-0.17,-0.5,
28.4879670143127,0.23,-0.75,-0.52,
28.505175113678,0.17,-1.12,-0.49,
28.5073070526123,0.16,-1.2,-0.39,
28.51655626297,0.22,-0.97,-0.25,
28.5266101360321,0.27,-0.52,-0.12,
28.5365810394287,0.32,0.04,-0.03,
28.5464372634888,0.31,0.48,0.03,
28.5562400817871,0.25,0.62,0.07,
28.566269159317,0.21,0.51,0.08,
28.5764071941376,0.19,0.3,0.1,
28.5862281322479,0.25,0.11,0.13,
28.6047163009644,0.3,0.02,0.12,
28.6074662208557,0.32,0,0.04,
28.615522146225,0.36,0.1,-0.06,
28.6260871887207,0.41,0.4,-0.24,
28.6355400085449,0.44,0.64,-0.43,
28.6455821990967,0.44,0.51,-0.57,
28.6555233001709,0.38,0.07,-0.66,
28.6655011177063,0.27,-0.43,-0.66,
28.6754670143127,0.17,-0.72,-0.59,
28.6879122257233,0.08,-0.71,-0.52,
28.704891204834,-0.12,-0.49,-0.41,
28.7072319984436,-0.12,-0.49,-0.41,
28.7149851322174,-0.21,-0.56,-0.28,
28.7253291606903,-0.31,-0.64,-0.1,
28.7349362373352,-0.38,-0.56,0.06,
28.7450170516968,-0.4,-0.26,0.17,
28.7549982070923,-0.4,0.17,0.29,
28.7646832466126,-0.4,0.58,0.38,
28.7746620178223,-0.42,0.75,0.38,
28.7858321666718,-0.44,0.65,0.36,
28.8045082092285,-0.48,0.24,0.15,
28.8062832355499,-0.48,0.24,0.15,
28.8145031929016,-0.44,0.12,0.01,
28.8243670463562,-0.4,0.04,-0.15,
28.8341932296753,-0.38,-0.04,-0.32,
28.8445091247559,-0.37,-0.12,-0.44,
28.8540282249451,-0.34,-0.18,-0.54,
28.8641862869263,-0.31,-0.18,-0.59,
28.8741931915283,-0.29,-0.19,-0.6,
28.8838572502136,-0.29,-0.28,-0.54,
28.90247631073,-0.3,-0.41,-0.48,
28.905177116394,-0.3,-0.48,-0.45,
28.9134721755981,-0.3,-0.34,-0.45,
28.9236340522766,-0.3,0.03,-0.45,
28.9337661266327,-0.28,0.52,-0.42,
28.943460226059,-0.28,0.92,-0.38,
28.9532871246338,-0.29,0.98,-0.35,
28.9633722305298,-0.31,0.66,-0.34,
28.9733011722565,-0.36,0.17,-0.39,
28.9831731319428,-0.39,-0.19,-0.47,
28.9942803382874,-0.37,-0.22,-0.54,
29.0127520561218,-0.32,0.34,-0.68,
29.0149672031403,-0.32,0.34,-0.68,
29.0231523513794,-0.34,0.46,-0.71,
29.032692193985,-0.39,0.29,-0.72,
29.0428442955017,-0.42,-0.08,-0.71,
29.0525660514832,-0.44,-0.44,-0.67,
29.0626401901245,-0.46,-0.54,-0.65,
29.0725691318512,-0.48,-0.35,-0.61,
29.0825242996216,-0.52,-0.01,-0.55,
29.0932621955872,-0.58,0.3,-0.49,
29.1099572181702,-0.65,0.42,-0.46,
29.1122331619263,-0.69,0.37,-0.46,
29.1222021579742,-0.74,0.23,-0.48,
29.1320152282715,-0.8,0.09,-0.52,
29.142037153244,-0.86,-0.04,-0.59,
29.1518702507019,-0.93,-0.12,-0.67,
29.1619100570679,-0.99,-0.19,-0.74,
29.1717371940613,-1.01,-0.24,-0.77,
29.1817712783813,-1.02,-0.3,-0.8,
29.1930282115936,-1.06,-0.34,-0.85,
29.2114691734314,-1.15,-0.32,-0.96,
29.2138051986694,-1.15,-0.32,-0.96,
29.2214651107788,-1.17,-0.24,-0.99,
29.2312240600586,-1.18,-0.18,-1.03,
29.2412662506104,-1.16,-0.28,-1.05,
29.2511792182922,-1.13,-0.53,-1.06,
29.2612171173096,-1.1,-0.8,-1.02,
29.2710371017456,-1.07,-0.99,-0.91,
29.2810711860657,-1,-1.04,-0.76,
29.2918381690979,-0.9,-0.99,-0.57,
29.3096611499786,-0.77,-0.87,-0.38,
29.3117442131042,-0.6,-0.72,-0.19,
29.3206043243408,-0.42,-0.5,-0.04,
29.330687046051,-0.23,-0.16,0.1,
29.3407373428345,-0.07,0.18,0.24,
29.3504600524902,0.15,0.38,0.36,
29.3604440689087,0.37,0.42,0.42,
29.370343208313,0.57,0.35,0.41,
29.3803210258484,0.72,0.29,0.41,
29.390917301178,0.85,0.25,0.43,
29.4086921215057,0.97,0.23,0.44,
29.4105043411255,1.09,0.18,0.48,
29.4201521873474,1.15,0.05,0.54,
29.4299273490906,1.2,-0.09,0.62,
29.4399211406708,1.22,-0.19,0.73,
29.4498171806335,1.26,-0.25,0.88,
29.4596881866455,1.34,-0.28,0.97,
29.4697532653809,1.43,-0.21,0.99,
29.4796421527863,1.44,-0.05,1,
29.4893891811371,1.44,0.1,1.08,
29.5078892707825,1.45,0.2,1.16,
29.5101161003113,1.43,0.25,1.22,
29.5191440582275,1.39,0.23,1.27,
29.5293052196503,1.37,0.19,1.3,
29.5391793251038,1.36,0.24,1.34,
29.5490071773529,1.3,0.31,1.4,
29.5590901374817,1.21,0.3,1.46,
29.5688772201538,1.09,0.24,1.45,
29.5789182186127,1,0.13,1.36,
29.5893402099609,1,0.01,1.23,
29.6063952445984,1,-0.01,1.1,
29.6088700294495,0.97,0.06,1.03,
29.6185531616211,0.88,0.21,1.05,
29.6283283233643,0.82,0.37,1.05,
29.6383333206177,0.82,0.46,0.94,
29.6483681201935,0.85,0.39,0.69,
29.6583752632141,0.82,0.19,0.43,
29.6682732105255,0.73,0.01,0.35,
29.6783361434937,0.7,-0.06,0.4,
29.6894912719727,0.72,0.07,0.41,
29.7086181640625,0.73,0.36,0.12,
29.7104930877686,0.73,0.36,0.12,
29.7176880836487,0.61,0.29,0.03,
29.7278380393982,0.41,0.04,0.08,
29.7377252578735,0.26,-0.28,0.19,
29.7476773262024,0.21,-0.45,0.21,
29.7576231956482,0.23,-0.33,0.13,
29.7673163414001,0.26,0.03,0.06,
29.7776951789856,0.22,0.47,0,
29.7873241901398,0.16,0.72,-0.05,
29.7985281944275,0.09,0.65,-0.07,
29.8172292709351,-0.02,-0.18,-0.07,
29.8189520835876,-0.02,-0.18,-0.07,
29.8269431591034,-0.1,-0.53,-0.02,
29.8370411396027,-0.13,-0.55,0.02,
29.8469033241272,-0.07,-0.22,0.02,
29.8569183349609,-0.05,0.31,-0.03,
29.8668351173401,-0.09,0.64,-0.1,
29.8767690658569,-0.17,0.51,-0.09,
29.8865180015564,-0.24,0.05,0.01,
29.8978233337402,-0.32,-0.45,0.15,
29.9164772033691,-0.38,-0.43,0.33,
29.9183130264282,-0.38,-0.43,0.33,
29.9262390136719,-0.34,0.08,0.34,
29.9362812042236,-0.26,0.63,0.29,
29.9462351799011,-0.17,0.98,0.25,
29.9563932418823,-0.11,1.07,0.18,
29.9657640457153,-0.11,0.88,0.11,
29.9760131835938,-0.14,0.5,0.04,
29.9858891963959,-0.16,0.08,-0.01,
29.9969563484192,-0.16,-0.2,-0.07,
30.0157780647278,-0.16,-0.17,-0.12,
  