time,wx,wy,wz
1.0085392,0.41,2.52,0.38
1.019546032,0.47,2.4,0.51
1.028521061,0.57,2.12,0.63
1.039093018,0.67,1.87,0.72
1.04927516,0.74,1.77,0.77
1.060952187,0.59,1.93,0.57
1.070155144,0.68,1.98,0.12
1.086001158,0.7,1.87,-0.04
1.088893175,0.43,1.79,0.09
1.099448204,0.23,1.73,0.2
1.108525276,0.19,1.74,0.17
1.118850231,0.19,1.84,0.13
1.128277302,0.19,1.86,0.13
1.138336182,0.08,1.73,0.25
1.148461103,-0.15,1.56,0.44
1.159265995,-0.34,1.49,0.51
1.168943167,-0.31,1.5,0.39
1.18646431,-0.06,1.03,0.38
1.188984156,-0.43,0.83,0.56
1.199554205,-0.31,0.82,0.88
1.208319187,-0.17,1,0.92
1.219407082,0.01,1.46,0.83
1.228344202,0.26,1.76,0.88
1.238170147,0.49,1.52,1
1.248877048,0.58,0.94,1.11
1.260251999,0.62,0.2,1.28
1.269737244,0.46,-0.42,1.39
1.285136223,0.31,-0.13,1.39
1.288992167,0.23,0.17,1.23
1.299034119,0.14,0.36,1.1
1.307723045,0.04,0.36,0.97
1.31887722,-0.07,0.27,0.89
1.328141212,-0.17,0.45,0.81
1.337885141,-0.26,0.77,0.75
1.348074198,-0.32,1.09,0.72
1.359052181,-0.27,1.11,0.68
1.368406296,-0.18,0.56,0.54
1.383474112,-0.13,-0.12,0.33
1.388488293,-0.12,-0.4,0.06
1.39882803,-0.01,-0.05,-0.13
1.408090115,0.09,0.46,-0.15
1.418914318,0.11,0.57,-0.04
1.427888155,0.08,0.32,0.08
1.438282013,0.12,-0.13,0.14
1.448490143,0.16,-0.44,0.12
1.459726095,0.1,-0.32,0.01
1.469458103,-0.01,0.08,-0.08
1.485566139,-0.16,0.47,-0.03
1.488143206,-0.31,0.45,0.2
1.49872303,-0.4,0.13,0.5
1.507655144,-0.34,-0.08,0.71
1.518748283,-0.17,-0.06,0.82
1.527747154,-0.01,0.04,0.79
1.537403107,0.06,0.04,0.59
1.548404217,0,-0.16,0.3
1.559826136,-0.14,0.3,0.24
1.568898201,-0.24,1,0.3
1.584663153,-0.32,1.02,0.47
1.587542057,-0.34,0.41,0.51
1.598679066,-0.23,-0.5,0.29
1.607584,-0.14,-1.07,0
1.618625164,0,-0.45,-0.2
1.627557278,0.28,0.49,-0.24
1.637611151,0.48,0.63,-0.08
1.647226095,0.47,-0.15,0.11
1.659646034,0.37,-1.12,0.01
1.668717146,0.31,-1.31,-0.23
1.684876204,0.3,-0.22,-0.4
1.687114239,0.38,0.64,-0.54
1.698562145,0.45,0.53,-0.56
1.707112312,0.42,-0.09,-0.44
1.718152046,0.46,-0.65,-0.29
1.727455139,0.5,-0.56,-0.26
1.737122059,0.5,-0.44,-0.3
1.748088121,0.43,-0.28,-0.38
1.75915432,0.35,-0.3,-0.53
1.768465996,0.28,-0.12,-0.49
1.783922195,0.44,0.07,-0.38
1.787064075,0.65,-0.19,-0.28
1.798077106,0.77,-0.47,-0.14
1.807276249,0.78,-0.67,-0.22
1.81836915,0.67,-0.39,-0.3
1.827200174,0.59,-0.23,-0.35
1.836935997,0.51,-0.2,-0.21
1.847040176,0.5,-0.18,-0.03
1.85940814,0.49,-0.15,0.07
1.868665218,0.45,-0.25,0.07
1.884872198,0.49,-0.13,0
1.887765169,0.58,-0.19,-0.04
1.897931099,0.6,-0.33,0.06
1.906735182,0.65,-0.4,0.1
1.917622089,0.69,-0.66,0.12
1.92646718,0.69,-0.47,0.15
1.936756134,0.72,-0.27,0.02
1.947653294,0.71,-0.14,-0.1
1.959194183,0.69,-0.12,-0.09
1.967184067,0.77,-0.17,-0.09
1.984065056,0.93,-0.42,-0.06
1.988211155,0.99,-0.46,0
1.997744083,1.06,-0.42,-0.05
2.006883144,0.95,-0.41,-0.11
2.017741203,0.73,-0.2,-0.16
2.02704215,0.59,-0.13,-0.24
2.036846161,0.53,0,-0.29
2.046624184,0.56,-0.01,-0.29
2.059041977,0.65,-0.05,-0.24
2.068113089,0.73,-0.05,-0.15
2.083104134,0.73,0,-0.07
2.087086201,0.61,0.08,-0.01
2.097849131,0.45,0.14,0.05
2.106394291,0.28,0.19,0.15
2.117355108,0.21,0.22,0.24
2.126651287,0.25,0.15,0.32
2.137297153,0.24,0.13,0.35
2.147162199,0.16,0.1,0.25
2.158802032,0.01,0.06,0.15
2.167715073,-0.21,0.18,0.07
2.18338418,-0.37,0.47,0.02
2.187075138,-0.33,0.45,0.12
2.197840214,-0.19,0.2,0.29
2.206520081,-0.15,0.08,0.38
2.217347145,-0.14,-0.03,0.34
2.226771116,-0.16,-0.04,0.33
2.236191273,-0.22,-0.01,0.37
2.246420145,-0.27,0.12,0.31
2.25814414,-0.27,0.3,0.26
2.267976284,-0.18,0.39,0.25
2.284358025,-0.07,0.34,0.28
2.28709507,0.02,0.23,0.35
2.297206163,0.11,0.09,0.38
2.306253195,0.19,-0.05,0.44
2.316727161,0.19,-0.12,0.51
2.326051235,0.14,-0.02,0.47
2.336028099,0.04,0.24,0.41
2.346729279,-0.02,0.35,0.37
2.358236313,0.01,0.41,0.38
2.366746187,0.07,0.32,0.42
2.382670164,0.11,0.2,0.54
2.386718273,0.14,0.1,0.61
2.397630215,0.06,0.16,0.67
2.40580225,-0.12,0.4,0.61
2.41712904,-0.27,0.52,0.48
2.425930023,-0.31,0.5,0.42
2.43608427,-0.16,0.3,0.47
2.446000099,0.01,0.1,0.59
2.457703114,0.01,-0.05,0.71
2.467597008,-0.19,0.01,0.69
2.483005047,-0.52,0.23,0.58
2.485570192,-0.83,0.36,0.38
2.496821165,-0.98,0.4,0.22
2.505489111,-0.95,0.44,0.14
2.516566277,-0.82,0.44,0.22
2.525730133,-0.67,0.31,0.38
2.535855293,-0.63,0.04,0.57
2.546406269,-0.74,-0.21,0.72
2.557734013,-0.89,-0.17,0.69
2.566503048,-1.06,0.09,0.58
2.582036972,-1.17,0.39,0.44
2.586284161,-1.19,0.65,0.34
2.596833229,-1.21,0.81,0.33
2.605602264,-1.18,0.81,0.39
2.616196156,-1.18,0.73,0.5
2.625837326,-1.22,0.55,0.65
2.636472225,-1.29,0.37,0.83
2.646243095,-1.34,0.36,0.95
2.657836199,-1.43,0.46,1.03
2.666975021,-1.55,0.7,1.06
2.683084011,-1.63,0.94,1.09
2.686115265,-1.68,1.1,1.14
2.696668148,-1.69,1.18,1.23
2.70524931,-1.66,1.13,1.38
2.716174126,-1.58,0.97,1.59
2.72548008,-1.4,0.7,1.82
2.735303164,-1.12,0.41,2.01
2.746107101,-0.81,0,1.99
2.757592201,-0.57,-0.27,1.76
2.766870975,-0.46,-0.16,1.41
2.782912254,-0.35,0.2,0.98
2.785395145,-0.36,0.59,0.51
2.796329021,-0.37,0.83,0.1
2.805487156,-0.36,0.83,-0.18
2.816473007,-0.39,0.52,-0.17
2.825229168,-0.38,0.12,0.04
2.835465193,-0.35,-0.3,0.28
2.845282078,-0.29,-0.5,0.39
2.857619286,-0.26,-0.33,0.3
2.866482258,-0.16,0.05,0.07
2.882564068,-0.07,0.39,-0.18
2.885240078,-0.05,0.42,-0.31
2.896034241,-0.03,0.12,-0.33
2.904859066,0.02,-0.29,-0.34
2.91617918,0.17,-0.55,-0.42
2.925340176,0.33,-0.52,-0.56
2.934894085,0.51,-0.32,-0.68
2.945073128,0.66,-0.15,-0.8
2.956207275,0.76,-0.14,-0.93
2.966052055,0.83,-0.25,-1.07
2.98141098,0.88,-0.49,-1.2
2.985516071,0.99,-0.65,-1.34
2.995890141,1.12,-0.63,-1.51
3.0049541,1.15,-0.48,-1.57
3.015729189,1.2,-0.41,-1.56
3.024856091,1.24,-0.5,-1.49
3.035780191,1.23,-0.62,-1.32
3.04524231,1.13,-0.7,-1.02
3.056660175,1.17,-0.7,-0.86
3.066624165,1.16,-0.68,-0.75
3.083057165,1.09,-0.65,-0.57
3.085787296,1.03,-0.58,-0.49
3.095826149,0.99,-0.48,-0.44
3.104739189,0.94,-0.57,-0.4
3.115658283,0.96,-0.91,-0.43
3.12460804,1,-1.1,-0.59
3.134669304,1.06,-1,-0.8
3.145477295,1.16,-0.5,-0.93
3.156640053,1.2,0.03,-0.98
3.165962219,1.15,0.01,-0.88
3.181034088,1,-0.48,-0.75
3.185204983,0.87,-1.06,-0.69
3.195818186,0.69,-1.09,-0.8
3.204327106,0.7,-0.86,-1.08
3.21592617,0.46,-0.23,-1.32
3.224231243,0.33,0.67,-1.35
3.234713078,0.27,0.93,-1.15
3.245172977,0.14,0.33,-0.8
3.256414175,0.1,-0.36,-0.61
3.266086102,0.02,-0.77,-0.59
3.282127142,-0.1,-0.48,-0.62
3.284649134,-0.04,-0.1,-0.79
3.295554161,-0.02,0.22,-0.91
3.304103136,0.28,0.38,-0.96
3.315019131,0.51,0.22,-0.92
3.32428503,0.61,0,-0.63
3.334218025,0.6,-0.11,-0.35
3.344120026,0.58,-0.38,-0.25
3.35545826,0.56,-0.47,-0.22
3.365548134,0.63,-0.45,-0.28
3.381679058,0.61,-0.2,-0.3
3.383884192,0.62,0.26,-0.3
3.395108223,0.51,0.38,-0.23
3.404208183,0.56,0.23,-0.17
3.415247202,0.69,-0.19,-0.12
3.424230099,0.75,-0.21,-0.04
3.433904171,0.8,-0.07,-0.02
3.44481802,0.78,0.02,0.08
3.456346989,0.74,-0.06,0.2
3.465684175,0.67,-0.02,0.25
3.482272148,0.55,0.23,0.23
3.484688282,0.44,0.4,0.21
3.494620323,0.4,0.47,0.18
3.50404501,0.48,0.35,0.2
3.514626026,0.55,0.14,0.26
3.523895264,0.53,-0.14,0.34
3.533897161,0.42,-0.22,0.36
3.543940067,0.26,-0.05,0.32
3.554970264,0.12,0.33,0.23
3.564442158,0.1,0.61,0.18
3.581521988,0.15,0.6,0.26
3.58398819,0.28,0.3,0.45
3.595080137,0.5,0.04,0.62
3.603559017,0.64,-0.25,0.75
3.614906311,0.56,-0.49,0.81
3.623999119,0.35,-0.39,0.61
3.633909225,0.13,-0.03,0.26
3.644452095,-0.07,0.35,-0.01
3.655549049,-0.18,0.56,-0.17
3.665378094,-0.2,0.46,-0.15
3.680849075,-0.18,0.19,-0.04
3.683716297,-0.15,0,0.08
3.69446516,-0.12,-0.13,0.17
3.703570127,-0.18,-0.08,0.2
3.714251041,-0.26,0.17,0.05
3.72361517,-0.34,0.36,-0.13
3.733381271,-0.37,0.47,-0.22
3.74382925,-0.35,0.42,-0.15
3.755844116,-0.33,0.27,0.01
3.765227318,-0.35,0.15,0.14
3.781061172,-0.41,0.08,0.22
3.784052134,-0.4,0.06,0.27
3.794476986,-0.34,0.09,0.28
3.80351305,-0.24,0.12,0.31
3.814277172,-0.1,0.04,0.35
3.823735237,-0.08,-0.06,0.44
3.833224297,-0.09,-0.19,0.46
3.844198227,-0.15,-0.18,0.42
3.855360031,-0.22,-0.09,0.36
3.864645004,-0.29,0.09,0.23
3.880864143,-0.32,0.23,0.19
3.883016109,-0.26,0.15,0.25
3.894186974,-0.16,-0.02,0.37
3.903030157,-0.11,-0.22,0.54
3.914024115,-0.13,-0.34,0.58
3.923254013,-0.27,-0.27,0.49
3.932987213,-0.44,-0.07,0.31
3.94316411,-0.59,0.16,0.11
3.954329014,-0.64,0.34,-0.03
3.963976145,-0.62,0.38,-0.04
3.980085135,-0.5,0.23,0.06
3.983391285,-0.33,-0.04,0.25
3.994101048,-0.29,-0.3,0.47
4.002750158,-0.37,-0.42,0.54
4.014239311,-0.55,-0.31,0.44
4.023121119,-0.71,-0.11,0.27
4.032844067,-0.74,0.11,0.1
4.043462276,-0.68,0.32,0.03
4.054518223,-0.56,0.32,0.12
4.064221144,-0.48,0.13,0.29
4.079852104,-0.51,-0.13,0.48
4.083320141,-0.65,-0.26,0.57
4.093755245,-0.83,-0.1,0.52
4.102866173,-0.97,0.21,0.4
4.113934994,-1.01,0.44,0.32
4.122974157,-1.05,0.6,0.27
4.132944107,-1.07,0.58,0.3
4.142726183,-1.09,0.45,0.39
4.154929161,-1.14,0.25,0.57
4.164270163,-1.24,0.07,0.77
4.180339098,-1.39,-0.01,0.91
4.182482243,-1.59,0.1,0.96
4.193983078,-1.83,0.39,0.96
4.202857018,-2.02,0.72,0.93
4.213376045,-2.06,0.95,0.93
4.222716093,-2.05,1.02,1.04
4.232577324,-2.02,0.93,1.27
4.243264198,-1.88,0.71,1.53
4.254328251,-1.83,0.37,1.79
4.263936996,-1.66,0.2,2.02
4.279553175,-1.32,0.19,1.92
4.283105135,-0.85,0.11,1.48
4.293429136,-0.36,0.31,0.92
4.302198172,-0.03,0.58,0.39
4.313728094,0.15,0.67,-0.01
4.322455168,0.25,0.57,-0.42
4.33199501,0.25,0.47,-0.78
4.342646122,0.26,0.46,-1.03
4.355037212,0.16,0.39,-1.06
4.363733292,-0.02,0.34,-0.87
4.380208015,-0.3,0.2,-0.6
4.382779121,-0.64,-0.12,-0.21
4.393831253,-0.83,-0.55,0.22
4.402307034,-0.78,-0.88,0.55
4.413118124,-0.49,-1.11,0.63
4.422150135,-0.16,-1.09,0.53
4.432060242,0.19,-0.81,0.25
4.442378998,0.5,-0.41,-0.26
4.45374918,0.71,0.09,-0.63
4.463623047,0.78,0.47,-0.82
4.47995019,0.85,0.52,-0.99
4.482061148,1.03,0.14,-1.21
4.4929533,1.08,-0.48,-1.37
4.502130985,1.23,-0.96,-1.55
4.512760162,1.32,-0.76,-1.58
4.522037983,1.22,0.03,-1.23
4.531805038,1.07,0.4,-0.7
4.542053223,1.14,-0.2,-0.48
4.553784132,1.3,-1.26,-0.63
4.563243151,1.31,-2.31,-1.02
4.579758167,1.12,-2.38,-1.55
4.582372189,1.16,-1.16,-1.93
4.593010187,1.27,0.82,-1.68
4.601678133,1.4,1.44,-1.06
4.612867117,1.54,0.31,-0.74
4.621553183,1.54,-1.22,-0.7
4.631703138,1.47,-1.93,-0.89
4.6420331,1.38,-1.55,-1.04
4.653063297,1.23,-0.62,-1.04
4.662895203,1.21,-0.22,-0.99
4.678158283,1.05,-0.03,-0.95
4.682672024,1,0.07,-1.11
4.692564011,0.96,0.1,-1.23
4.701751232,0.74,0.03,-1.17
4.712879181,0.62,-0.07,-1.07
4.721796036,0.5,-0.09,-1
4.732612133,0.46,-0.1,-0.77
4.742393017,0.54,-0.14,-0.6
4.753898144,0.68,-0.12,-0.45
4.763403177,0.74,-0.04,-0.25
4.780317307,0.61,-0.21,-0.1
4.782064199,0.61,-0.21,-0.1
4.792659283,0.5,-0.23,-0.13
4.801636219,0.45,-0.06,-0.23
4.812477112,0.38,0.22,-0.19
4.821322203,0.35,0.46,-0.13
4.832015038,0.29,0.54,0.02
4.842045307,0.21,0.38,0.23
4.853033066,0.17,0.14,0.4
4.862894058,0.2,-0.11,0.53
4.878791094,0.26,-0.28,0.55
4.881529093,0.27,-0.26,0.51
4.892398119,0.23,-0.05,0.4
4.901358128,0.1,0.08,0.32
4.91215229,-0.08,0.19,0.26
4.921301126,-0.15,0.3,0.14
4.931354046,-0.16,0.22,0.14
4.941089153,-0.08,0.09,0.18
4.95314312,0,0.05,0.21
4.96265316,0.01,0.03,0.27
4.978784084,-0.07,0.04,0.28
4.981127262,-0.21,0.12,0.15
4.991727114,-0.37,0.25,-0.06
5.001042128,-0.48,0.36,-0.17
5.011989117,-0.49,0.47,-0.21
5.021187305,-0.44,0.44,-0.13
5.030926228,-0.34,0.26,0.09
5.041769981,-0.26,-0.02,0.39
5.052903175,-0.27,-0.33,0.65
5.062477112,-0.3,-0.46,0.71
5.078423977,-0.34,-0.36,0.6
5.080658197,-0.36,-0.11,0.47
5.092079163,-0.37,0.19,0.3
5.101016045,-0.38,0.43,0.22
5.112107277,-0.42,0.49,0.27
5.120984077,-0.46,0.35,0.39
5.131061077,-0.45,0.1,0.55
5.140442133,-0.45,-0.14,0.73
5.153310299,-0.48,-0.27,0.82
5.162219048,-0.51,-0.29,0.73
5.179116249,-0.55,-0.18,0.62
5.181404114,-0.65,0.01,0.54
5.192008018,-0.72,0.12,0.45
5.200544119,-0.8,0.19,0.46
5.211853027,-0.85,0.19,0.53
5.220472097,-0.9,0.12,0.6
5.230586052,-0.94,0,0.68
5.240466118,-0.97,-0.1,0.74
5.253177166,-1.05,-0.14,0.78
5.261551142,-1.12,-0.11,0.78
5.277846098,-1.2,-0.04,0.8
5.281156063,-1.32,0.08,0.84
5.291483164,-1.47,0.17,0.88
5.300633192,-1.72,0.23,0.91
5.31145215,-1.98,0.3,0.95
5.320384979,-2.18,0.42,0.95
5.330620289,-2.35,0.56,0.98
5.340544224,-2.4,0.63,1.06
5.352190971,-2.35,0.63,1.18
5.361996174,-2.3,0.57,1.36
5.378303051,-2.23,0.42,1.57
5.380796194,-2.18,0.1,1.72
5.391486168,-1.97,-0.27,1.76
5.400228977,-1.63,-0.53,1.64
5.411416054,-1.27,-0.52,1.33
5.420594215,-0.87,-0.34,0.92
5.430480003,-0.52,0,0.44
5.441090107,-0.29,0.33,-0.01
5.452155113,-0.01,0.51,-0.36
5.462295055,0.2,0.56,-0.56
5.476857185,0.35,0.49,-0.61
5.480817318,0.42,0.26,-0.56
5.490902185,0.44,-0.06,-0.49
5.50030899,0.5,-0.29,-0.47
5.510925293,0.52,-0.34,-0.52
5.519974232,0.56,-0.27,-0.62
5.530131102,0.71,-0.18,-0.72
5.540744305,0.9,-0.12,-0.81
5.552466154,1.08,-0.11,-0.9
5.561848164,1.23,-0.17,-1.04
5.57835412,1.37,-0.27,-1.18
5.580292225,1.61,-0.32,-1.3
5.590918064,1.74,-0.26,-1.38
5.599822044,1.72,-0.17,-1.36
5.611036301,1.53,-0.13,-1.23
5.619981289,1.48,-0.04,-1.18
5.630048275,1.56,0.13,-1.11
5.639621258,1.68,0.17,-0.81
5.652180195,1.79,-0.22,-0.52
5.661092281,2.01,-1.03,-0.47
5.677605152,2.09,-1.66,-0.63
5.67982316,2.08,-1.84,-0.78
5.690960169,1.66,-1.2,-0.82
5.699768066,1.42,-0.13,-0.95
5.710900307,1.53,0.67,-0.99
5.719910145,1.54,0.62,-0.69
5.729815006,1.5,-0.16,-0.5
5.740528107,1.54,-0.81,-0.6
5.75154829,1.35,-0.52,-0.71
5.761177063,1.25,0.06,-0.65
5.777726173,1.02,0.3,-0.51
5.780225277,0.91,-0.01,-0.48
5.791044235,0.98,-0.19,-0.47
5.799451113,0.88,-0.08,-0.45
5.810657024,0.91,0.1,-0.51
5.819427013,0.75,0.21,-0.5
5.830007076,0.52,0.09,-0.45
5.839451313,0.32,0.09,-0.53
5.850336075,0.06,0.31,-0.58
5.860574245,-0.01,0.62,-0.69
5.877861023,0.03,0.78,-0.62
5.880118132,0.08,0.48,-0.39
5.890751123,0.15,0.04,-0.2
5.899224281,0.12,-0.24,-0.12
5.910565138,0.1,-0.19,-0.17
5.919201136,0.01,-0.02,-0.21
5.929291248,-0.1,0.19,-0.21
5.939563274,-0.1,0.53,-0.29
5.951429129,-0.04,0.73,-0.24
5.960824013,0.07,0.72,-0.11
5.977285147,0.18,0.53,0.05
5.979029179,0.23,0.17,0.32
5.99015522,0.28,-0.17,0.52
5.999289989,0.32,-0.4,0.59
6.010028124,0.28,-0.28,0.58
6.019013166,0.17,0.14,0.43
6.029514313,0.07,0.48,0.31
6.039258003,0.06,0.65,0.26
6.050007105,0.09,0.61,0.3
6.060895205,0.16,0.45,0.42
6.077268124,0.29,0.2,0.58
6.079702139,0.41,-0.18,0.77
6.089735985,0.43,-0.43,0.84
6.098996162,0.29,-0.34,0.75
6.10963726,0.02,0.04,0.53
6.119259119,-0.22,0.46,0.21
6.129212141,-0.36,0.7,0
6.139447212,-0.3,0.64,-0.06
6.150948048,-0.13,0.41,-0.01
6.160515308,0.04,0.05,0.19
6.176948071,0.15,-0.37,0.43
6.179196119,0.07,-0.61,0.57
6.190161228,-0.15,-0.49,0.48
6.19881916,-0.38,-0.1,0.19
6.209931135,-0.55,0.19,-0.11
6.21887207,-0.58,0.39,-0.36
6.228983164,-0.51,0.48,-0.45
6.238827229,-0.42,0.36,-0.33
6.249941111,-0.36,-0.01,-0.11
6.260447025,-0.41,-0.38,0.12
6.275934219,-0.48,-0.49,0.19
6.278486252,-0.57,-0.35,0.14
6.289897203,-0.64,-0.09,0.03
6.298486233,-0.63,0.18,-0.1
6.309749126,-0.57,0.31,-0.14
6.318708181,-0.51,0.28,-0.07
6.328730106,-0.46,0.13,0.05
6.339501143,-0.52,-0.07,0.21
6.350942135,-0.61,-0.17,0.29
6.359504223,-0.65,-0.08,0.23
6.375374317,-0.58,0.01,0.18
6.379044056,-0.48,0.08,0.17
6.389697075,-0.39,0.07,0.22
6.398535252,-0.34,-0.01,0.34
6.409601212,-0.39,-0.13,0.5
6.418473244,-0.58,-0.24,0.6
6.428279161,-0.81,-0.19,0.51
6.438511133,-0.94,0.03,0.31
6.450035095,-0.91,0.24,0.13
6.459609985,-0.85,0.31,0.04
6.476497173,-0.78,0.26,0.06
6.478769302,-0.73,0.15,0.18
6.489440203,-0.75,-0.03,0.4
6.498282194,-0.85,-0.24,0.61
6.509301186,-1.01,-0.34,0.72
6.518053055,-1.11,-0.27,0.68
6.528168201,-1.17,-0.01,0.6
6.538042068,-1.24,0.25,0.54
6.549376011,-1.24,0.33,0.49
6.559596062,-1.25,0.32,0.52
6.576323032,-1.31,0.25,0.63
6.579122066,-1.39,0.14,0.79
6.589463234,-1.47,0.05,0.95
6.598219156,-1.6,-0.01,1.09
6.609189034,-1.69,0.01,1.17
6.617904186,-1.78,0.12,1.23
6.628074169,-1.84,0.25,1.24
6.637735128,-1.83,0.35,1.24
6.649846077,-1.84,0.35,1.25
6.659662247,-1.87,0.23,1.26
6.675875187,-1.83,0.05,1.27
6.678655148,-1.67,-0.17,1.24
6.689154148,-1.5,-0.4,1.16
6.698101044,-1.33,-0.59,0.97
6.708859205,-1.27,-0.62,0.66
6.717965126,-1.19,-0.43,0.37
6.728229046,-1.05,-0.08,0.16
6.737869263,-0.82,0.28,0.12
6.748625278,-0.55,0.45,0.14
6.758210182,-0.33,0.34,0.11
6.774485111,-0.12,0.08,-0.04
6.778689146,0.05,-0.03,-0.18
6.788786173,0.11,0.08,-0.26
6.797715187,0.12,0.22,-0.33
6.808310032,0.12,0.3,-0.4
6.81805706,0.13,0.26,-0.43
6.827818155,0.25,0.1,-0.44
6.837413311,0.37,-0.09,-0.45
6.849845171,0.53,-0.22,-0.44
6.859327316,0.7,-0.3,-0.44
6.875952244,0.83,-0.34,-0.54
6.878385067,0.94,-0.33,-0.7
6.888932228,1.1,-0.28,-0.92
6.89786005,1.23,-0.12,-1.13
6.908497095,1.36,0.05,-1.29
6.917518139,1.43,0.13,-1.37
6.927663088,1.47,0.14,-1.38
6.937873125,1.54,0.12,-1.35
6.948502064,1.59,0.1,-1.27
6.958734989,1.77,0.08,-1.08
6.975277185,1.93,0.05,-0.78
6.978010178,2.04,-0.25,-0.54
6.988529205,2.11,-0.9,-0.41
6.997182131,2.21,-1.41,-0.48
7.008414268,2.32,-1.43,-0.67
7.017158985,2.25,-0.92,-0.79
7.027313232,2.26,-0.19,-0.85
7.037079096,2.27,0.47,-0.7
7.049530029,2.17,0.56,-0.32
7.058756113,2.15,-0.11,-0.14
7.075000286,2.16,-0.89,-0.23
7.077428102,2.21,-1.09,-0.51
7.088433266,2.11,-0.6,-0.79
7.097280979,1.77,0.07,-0.83
7.108361244,1.65,0.49,-0.75
7.117251158,1.45,0.39,-0.36
7.127226114,1.32,-0.32,-0.11
7.137465,1.29,-0.6,-0.31
7.149225235,1.14,-0.28,-0.56
7.158339977,0.83,0.14,-0.71
7.175308228,0.6,0.33,-0.8
7.178078175,0.48,0.19,-0.75
7.188358307,0.44,0,-0.66
7.196842194,0.54,-0.07,-0.59
7.207945108,0.55,-0.13,-0.51
7.216899157,0.53,-0.14,-0.51
7.226861,0.47,-0.06,-0.56
7.236929178,0.35,-0.01,-0.53
7.247415066,0.35,0.12,-0.48
7.257762194,0.41,0.23,-0.36
7.274359226,0.43,0.24,-0.22
7.276659012,0.43,0.21,-0.11
7.287916183,0.36,0.17,0.03
7.296773195,0.3,0.22,0.1
7.307561159,0.28,0.27,0.13
7.316983223,0.22,0.18,0.15
7.326852322,0.2,0.2,0.13
7.336565971,0.2,0.23,0.15
7.349079132,0.11,0.22,0.18
7.35808897,0,0.25,0.11
7.374729156,-0.06,0.34,0.08
7.377766132,-0.13,0.31,0.05
7.387739182,-0.19,0.31,-0.01
7.39668417,-0.22,0.26,0.04
7.407342196,-0.22,0.16,0.17
7.416596174,-0.27,0.04,0.28
7.426331997,-0.32,-0.07,0.32
7.436819077,-0.36,-0.11,0.32
7.447669983,-0.39,-0.05,0.23
7.457238197,-0.42,0.04,0.13
7.47385931,-0.45,0.12,0.09
7.476613045,-0.48,0.22,0.09
7.487419128,-0.47,0.21,0.11
7.496254206,-0.48,0.11,0.23
7.507551193,-0.46,-0.04,0.3
7.516475201,-0.47,-0.18,0.33
7.526637077,-0.49,-0.21,0.35
7.536091089,-0.5,-0.13,0.36
7.548480988,-0.55,-0.01,0.35
7.557664156,-0.6,0.09,0.31
7.574618101,-0.66,0.16,0.31
7.577195168,-0.76,0.15,0.35
7.58751297,-0.82,0.07,0.33
7.596232176,-0.86,-0.03,0.32
7.607359171,-0.85,-0.06,0.34
7.616259098,-0.82,-0.09,0.35
7.626507282,-0.81,-0.11,0.39
7.636227131,-0.85,-0.13,0.43
7.647181034,-0.9,-0.14,0.49
7.656861305,-0.96,-0.13,0.52
7.673284054,-1.01,-0.13,0.52
7.676812172,-1.04,-0.08,0.48
7.687235117,-1.09,-0.03,0.45
7.69623518,-1.08,-0.02,0.44
7.707390308,-1.11,-0.04,0.44
7.716175079,-1.18,-0.1,0.47
7.726311207,-1.27,-0.16,0.49
7.736658096,-1.38,-0.13,0.52
7.747959137,-1.49,-0.05,0.56
7.757472038,-1.62,0.02,0.59
7.773180008,-1.72,0.07,0.61
7.776604176,-1.76,0.14,0.62
7.786695004,-1.81,0.21,0.66
7.795865059,-1.86,0.22,0.73
7.80670929,-1.89,0.18,0.82
7.815626144,-1.99,0.15,0.92
7.826056004,-2.12,0.09,1.01
7.835324287,-2.16,0.09,1.08
7.846808195,-2.17,0.21,1.17
7.856286049,-2.18,0.26,1.31
7.874215126,-2.17,0.19,1.37
7.876673222,-2.16,0.09,1.33
7.886902094,-1.96,-0.11,1.14
7.895523071,-1.67,-0.26,0.86
7.906860113,-1.33,-0.4,0.59
7.915672302,-1.03,-0.39,0.36
7.925717115,-0.82,-0.1,0.18
7.93598032,-0.61,0.22,0.01
7.94748497,-0.42,0.44,-0.09
7.956921101,-0.28,0.45,-0.15
7.974282265,-0.03,0.16,-0.29
7.9764781,-0.03,0.16,-0.29
7.986370087,0.07,0.17,-0.36
7.995345116,0.08,0.25,-0.34
8.00675416,-0.01,0.24,-0.24
8.015501976,-0.06,0.1,-0.13
8.025279999,-0.09,-0.12,-0.09
8.035505295,0,-0.31,-0.1
8.046337128,0.16,-0.37,-0.18
8.055956125,0.29,-0.29,-0.31
8.072519302,0.39,-0.14,-0.43
8.075168133,0.45,0.04,-0.47
8.086190224,0.5,0.2,-0.46
8.095526218,0.56,0.3,-0.45
8.106051207,0.67,0.32,-0.48
8.11552,0.88,0.21,-0.58
8.125373125,1.12,0,-0.76
8.135351181,1.18,-0.19,-0.92
8.147399187,1.28,-0.35,-1.03
8.156319141,1.28,-0.35,-1.09
8.173344135,1.31,-0.19,-1.06
8.176454067,1.41,0.04,-0.95
8.186071157,1.58,0.16,-0.78
8.195014,1.92,-0.02,-0.73
8.205820084,2.19,-0.46,-0.82
8.214682102,2.19,-1.01,-0.91
8.225168228,2.04,-1.31,-0.95
8.234831095,2.04,-1.04,-1.07
8.247344971,2,-0.3,-0.99
8.2557652,1.93,0.31,-0.59
8.27346611,2.1,-0.38,-0.63
8.275769234,2.1,-0.38,-0.63
8.285642147,2.1,-0.77,-0.99
8.295287132,2.12,-0.49,-1.16
8.306021214,1.95,0.28,-0.85
8.314753056,1.87,0.56,-0.5
8.325008154,1.81,-0.03,-0.24
8.335165024,1.47,-0.79,-0.05
8.346623182,1.35,-0.8,-0.3
8.356384277,1.3,-0.13,-0.61
8.373062134,1.18,0.44,-0.55
8.37543416,1.25,0.49,-0.43
8.385516167,1.27,0.21,-0.21
8.394664288,1.35,-0.26,0.09
8.405551195,1.23,-0.54,0.16
8.4150002,0.98,-0.4,0.02
8.424738169,0.62,0.2,-0.27
8.434738159,0.36,0.68,-0.55
8.445625305,0.25,0.83,-0.59
8.456387997,0.36,0.64,-0.48
8.472791195,0.47,0.31,-0.31
8.474745274,0.48,0.03,-0.02
8.485476971,0.42,-0.1,0.19
8.494524002,0.28,-0.17,0.3
8.50563097,0.16,-0.05,0.27
8.514875174,0.07,0.25,0.16
8.524485111,0.04,0.45,0.07
8.534471989,0.14,0.46,0.12
8.54681015,0.24,0.32,0.27
8.555416107,0.29,0.1,0.36
8.572460175,0.17,-0.03,0.39
8.574485302,0.01,0.07,0.29
8.585515022,-0.16,0.31,0.16
8.594202042,-0.22,0.59,0.05
8.605487108,-0.18,0.57,0.04
8.614373207,-0.1,0.35,0.19
8.624624252,0,0.09,0.4
8.634045124,0.08,-0.23,0.56
8.645635128,0.03,-0.4,0.62
8.654699326,-0.14,-0.36,0.49
8.67239809,-0.35,-0.11,0.21
8.675046206,-0.5,0.15,-0.05
8.685532093,-0.54,0.24,-0.17
8.693902969,-0.52,0.15,-0.15
8.705288172,-0.47,-0.03,-0.05
8.714182138,-0.45,-0.25,0.1
8.724176168,-0.44,-0.43,0.19
8.734032154,-0.57,-0.45,0.2
8.745003223,-0.76,-0.25,0.08
8.754547119,-0.88,0.1,-0.09
8.772059202,-0.91,0.32,-0.15
8.774525166,-0.84,0.29,-0.14
8.784958124,-0.77,0.12,-0.02
8.79394722,-0.71,-0.13,0.18
8.805042267,-0.69,-0.39,0.35
8.813759089,-0.73,-0.5,0.44
8.823915005,-0.76,-0.44,0.4
8.833737135,-0.79,-0.21,0.35
8.8447721,-0.86,0,0.3
8.854698181,-0.88,0.13,0.24
8.871333122,-0.93,0.21,0.23
8.874303102,-0.98,0.16,0.25
8.884678125,-1,0.01,0.3
8.893948078,-1.03,-0.13,0.33
8.904554129,-1.01,-0.22,0.37
8.913860321,-1.06,-0.21,0.46
8.923465252,-1.16,-0.21,0.55
8.9337852,-1.19,-0.2,0.56
8.945166111,-1.25,-0.13,0.6
8.954913139,-1.34,-0.08,0.62
8.970561981,-1.42,-0.08,0.6
8.974254131,-1.46,-0.02,0.56
8.984688282,-1.5,0.08,0.52
8.993446112,-1.51,0.15,0.47
9.004184246,-1.49,0.15,0.41
9.013532162,-1.55,0.15,0.36
9.023586273,-1.71,0.11,0.36
9.033316135,-1.77,0.08,0.39
9.044800282,-1.67,0.33,0.43
9.054962158,-1.54,0.64,0.61
9.072012186,-1.58,0.62,0.9
9.07450819,-1.7,0.21,1.12
9.084712029,-1.95,-0.19,1.2
9.093207121,-2.06,-0.38,1.19
9.104598999,-2.01,-0.26,1.04
9.113469124,-1.78,0.07,0.8
9.123285294,-1.42,0.31,0.53
9.133368015,-1.13,0.34,0.17
9.145637989,-0.9,0.47,-0.13
9.154360294,-0.67,0.83,-0.27
9.171373129,-0.53,1.24,-0.34
9.173837185,-0.35,1.47,-0.36
9.184138298,-0.12,1.48,-0.41
9.193544149,0.11,1.33,-0.46
9.204136133,0.31,1.22,-0.5
9.213216305,0.42,1.14,-0.51
9.222756147,0.38,0.94,-0.41
9.233506203,0.27,0.62,-0.21
9.244968176,0.21,0.23,-0.03
9.254812241,0.04,-0.31,0.06
9.271446228,-0.14,-0.84,0.02
9.273812294,-0.35,-1.06,-0.07
9.284059048,-0.53,-0.86,-0.07
9.293227196,-0.62,-0.41,0.06
9.303544044,-0.62,-0.06,0.19
9.312888145,-0.58,-0.1,0.22
9.322843075,-0.53,-0.41,0.17
9.332792282,-0.39,-0.76,0.16
9.345214128,-0.07,-0.96,0.21
9.353981972,0.29,-0.94,0.2
9.370894194,0.57,-0.83,-0.02
9.373923302,0.75,-0.73,-0.45
9.384047031,0.69,-0.59,-0.92
9.392568111,0.56,-0.35,-1.19
9.403738022,0.59,-0.1,-1.32
9.412813187,0.68,0.19,-1.23
9.422958136,0.75,0.57,-0.8
9.432886124,0.72,0.87,-0.26
9.444019318,0.54,0.71,0.05
9.453405142,0.36,0.05,0.08
9.471974134,0.06,-0.79,-0.09
9.473610163,0.06,-0.79,-0.09
9.484131098,0.21,-0.42,0
9.492722988,0.54,0.23,0
9.503713131,0.82,0.73,-0.08
9.512658119,1.05,0.86,-0.15
9.5229671,1.23,0.65,-0.25
9.533322096,1.39,0.27,-0.39
9.544471264,1.56,-0.12,-0.48
9.553887129,1.78,-0.39,-0.51
9.571059227,1.91,-0.36,-0.39
9.573331118,1.91,-0.36,-0.39
9.583439112,1.89,-0.28,-0.36
9.592535973,1.76,-0.29,-0.46
9.603716135,1.63,-0.25,-0.53
9.612450123,1.82,-0.02,-0.47
9.622528076,1.85,0.2,-0.16
9.632424116,1.84,-0.01,0.19
9.643388271,1.94,-0.63,0.25
9.652869225,2.05,-1.21,0.1
9.66843605,1.68,-1.21,-0.11
9.673017025,1.41,-0.67,-0.55
9.683380127,1.5,0.31,-1.03
9.692218304,1.37,1.18,-0.76
9.703364134,1.26,1.01,-0.28
9.712184191,1.33,-0.02,-0.16
9.722966194,1.31,-0.83,-0.15
9.733100176,1.28,-0.86,-0.31
9.744274139,0.97,-0.27,-0.41
9.753509045,0.85,0.26,-0.37
9.770553112,0.96,0.44,-0.24
9.772890091,1.21,0.23,0.03
9.783207178,1.48,-0.08,0.21
9.791604042,1.45,-0.26,0.29
9.802644253,1.06,-0.26,0.29
9.811929226,0.59,0.06,0.19
9.822041035,0.35,0.35,-0.02
9.832012177,0.36,0.49,-0.14
9.843310118,0.5,0.47,-0.15
9.852688313,0.62,0.41,-0.01
9.869728088,0.6,0.22,0.15
9.872533321,0.45,0.02,0.2
9.883243084,0.21,-0.03,0.13
9.891790152,0.07,0.18,-0.14
9.903079987,0.04,0.42,-0.3
9.911919117,0.12,0.5,-0.23
9.922135115,0.21,0.34,-0.01
9.931680202,0.24,0.05,0.25
9.943901062,0.16,-0.12,0.4
9.953388214,0.03,-0.05,0.35
9.970058203,-0.13,0.17,0.18
9.972887993,-0.25,0.43,0.02
9.982398987,-0.25,0.6,-0.02
9.991614103,-0.12,0.57,0.07
10.00296617,-0.02,0.21,0.26
10.01188231,0.01,-0.12,0.42
10.02155924,-0.04,-0.23,0.47
10.03177309,-0.13,-0.13,0.43
10.04261398,-0.23,0.09,0.26
10.05366707,-0.33,0.29,0.14
10.07007504,-0.24,0.32,0.18
10.07235098,-0.24,0.32,0.18
10.08249521,-0.12,0.09,0.29
10.09133816,-0.1,-0.15,0.38
10.10235119,-0.22,-0.26,0.33
10.11176109,-0.37,-0.21,0.19
10.12160516,-0.5,-0.05,0.04
10.13156414,-0.56,0.1,-0.07
10.14320612,-0.56,0.14,-0.08
10.15282416,-0.54,0.05,-0.01
10.1695981,-0.53,-0.05,0.06
10.17187214,-0.56,-0.08,0.13
10.18209505,-0.57,-0.16,0.13
10.19136429,-0.59,-0.12,0.12
10.20212412,-0.63,-0.15,0.11
10.21137428,-0.64,-0.16,0.08
10.22139502,-0.62,-0.09,0.15
10.23133421,-0.61,-0.06,0.28
10.24219918,-0.62,-0.12,0.34
10.25174713,-0.68,-0.19,0.3
10.2689743,-0.77,-0.19,0.21
10.27177906,-0.84,-0.12,0.09
10.28242397,-0.86,0.01,0.03
10.29096031,-0.83,0.02,0.06
10.30241203,-0.77,-0.09,0.18
10.31125212,-0.76,-0.25,0.33
10.32096219,-0.75,-0.34,0.47
10.3318491,-0.83,-0.32,0.55
10.34325814,-1.03,-0.27,0.51
10.35260201,-1.24,-0.2,0.28
10.3684721,-1.29,0.07,0.06
10.37104607,-1.32,0.36,-0.02
10.38215518,-1.38,0.35,0
10.39092612,-1.37,0.18,0.15
10.40194607,-1.34,-0.05,0.37
10.4108572,-1.43,-0.37,0.6
10.42105007,-1.74,-0.68,0.77
10.4317503,-2.16,-0.79,0.79
10.44305801,-2.32,-0.47,0.66
10.45276928,-2.28,0.23,0.54
10.46971321,-2.21,0.93,0.58
10.47156215,-2.21,0.93,0.58
10.48169422,-2.25,0.7,0.68
10.49083424,-2.32,0.39,0.8
10.50171328,-2.37,0.14,1.02
10.51083708,-2.43,-0.08,1.32
10.52074218,-2.33,-0.31,1.59
10.53144598,-2.05,-0.32,1.72
10.5427711,-1.69,-0.23,1.71
10.5519321,-1.32,-0.31,1.5
10.56889915,-1.04,-0.5,1.07
10.571527,-0.73,-0.54,0.51
10.58183432,-0.38,-0.19,0.01
10.5901792,-0.09,0.35,-0.34
10.60163498,0.08,0.79,-0.65
10.61063218,0.24,1.01,-0.98
10.62042809,0.36,1.1,-1.11
10.6303401,0.42,1.12,-0.93
10.64168119,0.45,0.87,-0.55
10.65157318,0.44,0.29,-0.25
10.66888428,0.28,-0.33,-0.14
10.67150402,0.1,-0.72,-0.16
10.68143225,-0.03,-0.75,-0.17
10.69023228,-0.01,-0.57,-0.13
10.70125198,0.18,-0.42,-0.11
10.71064901,0.42,-0.39,-0.2
10.72024012,0.66,-0.37,-0.37
10.73043919,0.95,-0.31,-0.58
10.74221611,1.24,-0.23,-0.8
10.751966,1.3,-0.2,-0.93
10.76734304,1.18,-0.27,-0.92
10.77004099,1.25,-0.28,-0.98
10.78114319,1.4,-0.07,-1.09
10.79054499,1.58,0.28,-1.04
10.80090523,1.8,0.46,-0.9
10.81016302,2.11,0.22,-0.93
10.82001114,2.46,-0.34,-1.16
10.83131719,2.34,-0.83,-1.23
10.84234214,2.14,-1.33,-1.13
10.85185218,2.1,-1.24,-1.19
10.86804104,2.03,-0.43,-1.11
10.87090516,1.87,0.65,-0.64
10.88113213,1.74,0.93,-0.27
10.8897841,1.77,0.4,-0.25
10.90072012,1.7,-0.37,-0.47
10.91006613,1.82,-0.56,-0.66
10.92010307,1.73,-0.08,-0.54
10.93003416,1.68,0.29,-0.23
10.94172311,1.77,0.26,-0.07
10.95123816,1.61,-0.25,0.06
10.96801209,1.44,-0.64,0.01
10.97049522,1.19,-0.45,-0.29
10.98115206,1.07,0.2,-0.5
10.98991013,0.87,0.83,-0.47
11.000875,0.77,0.87,-0.28
11.00982904,0.89,0.55,-0.06
11.01993418,0.88,0.09,0.18
11.03045511,0.92,-0.29,0.3
11.04181623,0.87,-0.33,0.29
11.05106831,0.67,-0.3,0.26
11.06746721,0.56,-0.06,0.07
11.07044911,0.43,0.3,-0.12
11.08087301,0.36,0.55,-0.18
11.08955908,0.37,0.63,-0.13
11.10040998,0.31,0.44,0.05
11.10975409,0.3,0.24,0.22
11.11944318,0.31,0.09,0.36
11.1297071,0.3,-0.02,0.45
11.14075112,0.33,0.02,0.39
11.1503973,0.29,0.1,0.28
11.16918421,0.01,0.45,-0.04
11.17134118,0.01,0.45,-0.04
11.18038511,-0.02,0.63,-0.09
11.18979502,0.02,0.51,0
11.20026398,0.05,0.3,0.16
11.20903611,0.05,0.12,0.35
11.2194891,0.09,0.05,0.44
11.22936821,0.1,-0.04,0.47
11.2414403,0.04,-0.03,0.31
11.25094914,-0.01,0.09,0.09
11.26666832,-0.09,0.13,-0.07
11.26941299,-0.14,0.18,-0.19
11.28017998,-0.1,0.18,-0.16
11.289608,-0.01,-0.02,-0.05
11.30023623,0.05,-0.24,0.06
11.30931711,-0.03,-0.28,0.1
11.31927824,-0.14,-0.12,-0.01
11.32955027,-0.3,0.1,-0.18
11.34046698,-0.42,0.27,-0.34
11.35107613,-0.53,0.32,-0.42
11.36800814,-0.52,0.17,-0.33
11.37003613,-0.52,0.17,-0.33
11.38048601,-0.44,0,-0.23
11.38930702,-0.45,-0.16,-0.1
11.40025711,-0.49,-0.17,-0.04
11.40910101,-0.53,-0.14,-0.03
11.41905928,-0.55,-0.12,-0.04
11.42906332,-0.52,-0.08,-0.07
11.44104719,-0.49,-0.04,-0.05
11.45040226,-0.44,-0.09,0.03
11.46709609,-0.4,-0.13,0.14
11.4698472,-0.35,-0.19,0.21
11.48012114,-0.34,-0.21,0.24
11.48902321,-0.33,-0.1,0.26
11.49968624,-0.34,-0.01,0.23
11.50872612,-0.36,0.04,0.21
11.51846409,-0.36,0.05,0.24
11.52891397,-0.37,-0.06,0.31
11.53973913,-0.38,-0.24,0.36
11.54961514,-0.49,-0.37,0.34
11.5665741,-0.61,-0.32,0.24
11.56928015,-0.65,-0.12,0.11
11.57962012,-0.75,0.05,0.07
11.58886623,-0.84,0.07,0.05
11.59942412,-0.92,0.05,0.03
11.60856104,-1.06,0.06,0.07
11.618536,-1.11,0.05,0.07
11.62932301,-1.14,0.05,0.08
11.64102316,-1.25,-0.01,0.1
11.64985919,-1.28,-0.11,0.11
11.66582298,-1.32,-0.11,0.14
11.66848516,-1.38,-0.09,0.2
11.67968225,-1.45,-0.11,0.23
11.68861413,-1.46,-0.14,0.24
11.69939709,-1.5,-0.11,0.28
11.70848227,-1.57,-0.11,0.33
11.71866417,-1.68,-0.08,0.39
11.7285111,-1.78,0,0.44
11.7397213,-1.87,0.07,0.49
11.74984026,-1.95,0.14,0.54
11.76704311,-2.03,0.3,0.73
11.76908517,-2.03,0.3,0.73
11.78000617,-2.13,0.27,0.87
11.78792119,-2.23,0.19,1.03
11.79926014,-2.3,0.13,1.17
11.80838513,-2.27,0.15,1.33
11.81865621,-2.14,0.13,1.51
11.82840514,-1.92,-0.09,1.6
11.84030199,-1.59,-0.43,1.51
11.84950304,-1.21,-0.78,1.19
11.86593533,-0.81,-0.94,0.71
11.86833811,-0.46,-0.7,0.26
11.87930918,-0.13,-0.2,-0.11
11.88810825,0.16,0.38,-0.46
11.8989172,0.44,0.78,-0.82
11.90828228,0.62,0.95,-1.06
11.91785812,0.77,0.9,-1.11
11.92805624,0.76,0.66,-1.01
11.94003916,0.5,0.3,-0.85
11.94965506,0.15,-0.12,-0.67
11.96661115,-0.48,-0.29,-0.06
11.96869802,-0.48,-0.29,-0.06
11.97916412,-0.44,-0.24,0.46
11.98805428,-0.29,-0.47,0.69
11.99875116,-0.14,-0.79,0.58
12.00803328,0.08,-0.95,0.31
12.01774812,0.32,-0.76,0
12.02828217,0.54,-0.34,-0.29
12.0397141,0.7,0.12,-0.52
12.04900813,0.85,0.49,-0.69
12.06611204,0.96,0.7,-0.76
12.06875801,1.06,0.74,-0.7
12.07907319,1.22,0.58,-0.66
12.0875783,1.38,0.21,-0.73
12.09893918,1.24,-0.24,-0.83
12.10793519,1.14,-0.71,-0.93
12.11768103,1.22,-0.85,-1.01
12.12790012,1.32,-0.59,-1.02
12.1396842,1.55,-0.12,-0.86
12.1496892,1.84,0.24,-0.66
12.1661191,2.16,0.21,-0.59
12.16793418,2.16,-0.11,-0.57
12.17899132,2.06,-0.67,-0.62
12.1876421,1.83,-0.87,-0.78
12.19837904,1.64,-0.45,-0.91
12.20736313,1.67,0.44,-0.81
12.21737003,1.85,1.28,-0.41
12.22816801,2.18,1.32,-0.11
12.23918414,2.39,0.43,-0.03
12.24870729,2.17,-0.93,-0.01
12.26605511,1.65,-0.89,-0.26
12.2681303,1.65,-0.89,-0.26
12.27836013,1.33,0.34,-0.22
12.28714132,1.15,0.65,-0.36
12.29856515,1.19,0.38,-0.51
12.30725431,1.24,0.12,-0.61
12.31743717,1.36,0.07,-0.55
12.32728624,1.25,0,-0.32
12.33930111,1.2,-0.21,-0.14
12.34835315,0.98,-0.39,-0.02
12.36552715,0.75,-0.39,-0.1
12.36789513,0.6,-0.01,-0.33
12.37828016,0.5,0.44,-0.44
12.38654423,0.5,0.63,-0.57
12.3981123,0.58,0.63,-0.53
12.40726614,0.57,0.41,-0.38
12.41705012,0.56,0.15,-0.15
12.42725801,0.55,-0.04,0.05
12.43862915,0.6,-0.1,0.15
12.44846201,0.56,-0.02,0.23
12.46546817,0.52,0.11,0.18
12.46754718,0.54,0.32,0.11
12.47844028,0.51,0.36,0.12
12.48667812,0.51,0.33,0.06
12.49805713,0.48,0.35,0.06
12.50669003,0.48,0.31,0.17
12.51723909,0.51,0.22,0.3
12.52764416,0.48,0.07,0.45
12.53923607,0.45,0.04,0.49
12.54833603,0.43,0.12,0.46
12.5652802,0.38,0.2,0.38
12.56782913,0.3,0.27,0.24
12.57799816,0.21,0.34,0.09
12.5867312,0.13,0.43,-0.05
12.59741497,0.04,0.41,-0.05
12.60683203,-0.02,0.24,0.04
12.61663723,-0.09,0,0.22
12.62645912,-0.09,-0.17,0.29
12.63852024,-0.03,-0.15,0.33
12.64718723,0.02,-0.13,0.31
12.66367102,0.02,-0.1,0.24
12.66754723,-0.07,-0.06,0.12
12.6779201,-0.19,0.05,-0.03
12.68700123,-0.31,0.18,-0.15
12.69741011,-0.39,0.24,-0.21
12.70665503,-0.41,0.24,-0.23
12.71670413,-0.37,0.17,-0.16
12.72735715,-0.32,0.01,-0.01
12.7386651,-0.35,-0.17,0.13
12.74827409,-0.4,-0.23,0.18
12.76462603,-0.43,-0.17,0.11
12.76688623,-0.47,-0.03,0.01
12.77729917,-0.5,0.09,-0.06
12.78619099,-0.5,0.14,-0.02
12.7977531,-0.48,0.03,0.05
12.80638909,-0.53,-0.17,0.14
12.81649733,-0.56,-0.25,0.18
12.8265233,-0.63,-0.21,0.16
12.83784318,-0.64,-0.12,0.1
12.84767914,-0.59,-0.03,0
12.86314631,-0.51,0.05,-0.02
12.86681914,-0.46,0,0.04
12.87722206,-0.47,-0.09,0.14
12.88635397,-0.49,-0.19,0.19
12.89721918,-0.53,-0.2,0.19
12.90617514,-0.57,-0.16,0.16
12.91587615,-0.57,-0.1,0.15
12.92691898,-0.52,-0.05,0.19
12.93826532,-0.46,-0.15,0.27
12.94769907,-0.41,-0.3,0.36
12.96367502,-0.43,-0.37,0.42
12.96610618,-0.56,-0.33,0.43
12.97745323,-0.7,-0.2,0.33
12.98635721,-0.76,0.02,0.19
12.99688005,-0.77,0.19,0.13
13.00650311,-0.8,0.12,0.18
13.01623321,-0.77,-0.05,0.25
13.0260601,-0.74,-0.19,0.35
13.03713417,-0.86,-0.36,0.43
13.04648829,-1.02,-0.46,0.36
13.06309819,-1.19,-0.27,0.18
13.06690216,-1.26,0.05,0.05
13.07705307,-1.3,0.25,-0.03
13.08584118,-1.32,0.25,0.01
13.09683228,-1.27,0.1,0.16
13.10575509,-1.26,-0.12,0.36
13.11602497,-1.46,-0.42,0.59
13.12639332,-1.76,-0.71,0.68
13.13815618,-1.99,-0.65,0.55
13.1476841,-2.07,-0.2,0.39
13.16373301,-2.05,0.33,0.3
13.1662221,-2.03,0.65,0.27
13.17692614,-1.98,0.71,0.32
13.18540215,-1.95,0.56,0.49
13.19651914,-1.96,0.32,0.78
13.20550632,-2.07,-0.02,1.1
13.21579814,-2.12,-0.4,1.32
13.2262311,-2.11,-0.53,1.38
13.23706102,-2.06,-0.44,1.38
13.24742126,-1.98,-0.28,1.33
13.26346731,-1.86,-0.14,1.21
13.26561117,-1.61,-0.09,1.03
13.27674103,-1.27,-0.14,0.78
13.28526211,-0.95,-0.18,0.5
13.29670715,-0.66,-0.15,0.27
13.3058753,-0.4,0,0.08
13.31539416,-0.17,0.27,-0.11
13.32605505,0,0.53,-0.24
13.33760118,0.07,0.65,-0.28
13.34724331,0.08,0.51,-0.31
13.36263704,0.1,0.27,-0.39
13.36574602,0.05,0.09,-0.49
13.37621117,0.03,0.01,-0.57
13.38538504,0.02,-0.04,-0.53
13.39577103,0.02,-0.04,-0.3
13.40512609,0.08,-0.07,0.02
13.41525126,0.16,-0.23,0.24
13.42530298,0.23,-0.52,0.26
13.43608809,0.32,-0.74,0.1
13.44594002,0.46,-0.77,-0.15
13.46151519,0.66,-0.56,-0.41
13.4656682,0.87,-0.18,-0.63
13.47628403,1.06,0.23,-0.83
13.48516917,1.18,0.53,-0.98
13.49727511,1.22,0.65,-1.05
13.50536013,1.28,0.62,-1.07
13.51534009,1.36,0.5,-1.03
13.5259521,1.46,0.34,-0.91
13.53687906,1.56,0.1,-0.76
13.5467062,1.68,-0.21,-0.64
13.56345129,1.71,-0.56,-0.55
13.56551123,1.86,-0.89,-0.56
13.575912,1.97,-0.9,-0.64
13.58467817,1.98,-0.63,-0.73
13.595716,2.12,-0.2,-0.84
13.60485411,2.35,0.18,-0.86
13.61498499,2.6,0.39,-0.69
13.62528229,2.68,0.41,-0.45
13.63714719,2.6,0.06,-0.3
13.64605331,2.22,-0.48,-0.3
13.66289902,1.93,-0.78,-0.46
13.66499901,1.86,-0.12,-0.52
13.67608118,1.74,0.89,-0.22
13.68461227,1.56,0.83,0.03
13.69564009,1.6,0.11,-0.04
13.7048552,1.38,-0.36,-0.23
13.71481705,1.19,-0.3,-0.42
13.72472525,1.12,0.39,-0.44
13.73663616,0.96,0.84,-0.19
13.74609423,0.93,0.53,0
13.76327014,0.92,-0.06,-0.02
13.76498127,0.92,-0.06,-0.02
13.77554917,0.79,-0.03,0.01
13.7847302,0.62,0.1,-0.06
13.795578,0.56,0.4,-0.06
13.80454397,0.58,0.46,0.1
13.81429315,0.63,0.21,0.21
13.82437801,0.68,-0.12,0.32
13.83683014,0.58,-0.33,0.32
13.84588432,0.47,-0.33,0.13
13.86249518,0.2,-0.14,-0.08
13.86493826,-0.03,0.18,-0.32
13.87554717,-0.1,0.5,-0.41
13.88423014,-0.04,0.51,-0.35
13.89520407,0.16,0.38,-0.12
13.90428615,0.25,0.07,0.19
13.91419125,0.31,-0.27,0.42
13.92464519,0.33,-0.36,0.52
13.93615913,0.31,-0.26,0.49
13.94563723,0.28,0.01,0.34
13.96163797,0.17,0.22,0.19
13.96494198,0.12,0.35,0.02
13.9752562,0.17,0.4,-0.04
13.98433614,0.24,0.24,0.03
13.99523401,0.24,0.03,0.16
14.00418901,0.13,-0.11,0.26
14.01414108,0.02,-0.13,0.15
14.02412009,-0.09,0.06,-0.07
14.03633928,-0.21,0.23,-0.26
14.04586124,-0.28,0.27,-0.38
14.0621841,-0.3,0.21,-0.37
14.06430411,-0.29,0.05,-0.31
14.07547426,-0.26,-0.13,-0.23
14.08411121,-0.3,-0.28,-0.21
14.09497023,-0.38,-0.28,-0.29
14.1039691,-0.47,-0.14,-0.36
14.11406517,-0.53,-0.01,-0.38
14.12401199,-0.54,0.04,-0.36
14.13580918,-0.51,0,-0.23
14.14541721,-0.46,-0.07,-0.04
14.16192818,-0.42,-0.19,0.12
14.16417217,-0.36,-0.34,0.17
14.17497206,-0.35,-0.32,0.14
14.18398809,-0.38,-0.21,0.07
14.19479322,-0.4,-0.06,-0.04
14.20387816,-0.43,0.03,-0.08
14.21341228,-0.43,-0.04,-0.06
14.223948,-0.42,-0.15,0.02
14.23625898,-0.43,-0.27,0.11
14.24532127,-0.41,-0.26,0.14
14.26142812,-0.43,-0.19,0.11
14.26409411,-0.49,-0.2,0.04
14.27501416,-0.55,-0.14,-0.02
14.28360605,-0.63,-0.06,-0.01
14.29462528,-0.72,-0.1,0
14.30362511,-0.76,-0.11,-0.02
14.31334829,-0.82,-0.02,-0.02
14.32402325,-0.86,0,-0.05
14.33555317,-0.87,-0.02,-0.08
14.34458828,-0.89,-0.03,-0.06
14.36139011,-0.96,-0.09,0
14.36354518,-0.98,-0.19,0.03
14.37438726,-0.99,-0.19,0.07
14.38316917,-0.99,-0.21,0.14
14.39455605,-1,-0.26,0.16
14.4033432,-1.12,-0.22,0.19
14.41359901,-1.27,-0.15,0.14
14.4235363,-1.43,-0.03,0.03
14.43587112,-1.57,0.11,-0.1
14.44478226,-1.58,0.24,-0.19
14.46147203,-1.57,0.36,-0.17
14.46327925,-1.57,0.33,-0.04
14.47472119,-1.55,0.16,0.15
14.48306918,-1.59,-0.08,0.35
14.4942522,-1.71,-0.29,0.58
14.50331926,-1.87,-0.38,0.73
14.51322031,-2.03,-0.29,0.78
14.52327108,-2.14,-0.08,0.77
14.53511715,-2.23,0.19,0.76
14.54430532,-2.29,0.39,0.77
14.5613451,-2.22,0.54,0.84
14.56366205,-2.05,0.66,0.96
14.5740962,-1.84,0.66,1.14
14.58332419,-1.63,0.49,1.34
14.59409523,-1.5,0.11,1.51
14.60297012,-1.4,-0.46,1.53
14.61314631,-1.25,-0.76,1.38
14.623909,-1.08,-0.62,1.14
14.63512015,-0.85,-0.22,0.81
14.64471197,-0.53,0.3,0.43
14.66147017,0.2,0.99,-0.45
14.6634562,0.2,0.99,-0.45
14.67379522,0.39,1.26,-0.76
14.68305016,0.43,1.44,-0.9
14.6934123,0.33,1.37,-0.85
14.70267916,0.19,1.12,-0.6
14.71293306,0.07,0.78,-0.3
14.72272825,0.04,0.41,-0.15
14.7343483,0.07,0.07,-0.1
14.74367714,0.06,-0.17,-0.03
14.75930715,0.01,-0.34,0.1
14.76336813,-0.03,-0.48,0.26
14.77394199,0.04,-0.6,0.34
14.78260326,0.19,-0.67,0.3
14.79381227,0.34,-0.73,0.12
14.80283308,0.46,-0.71,-0.13
14.8135581,0.55,-0.57,-0.33
14.82309103,0.63,-0.31,-0.46
14.8345511,0.7,-0.06,-0.53
14.84397697,0.75,0.13,-0.48
14.8603611,0.8,0.23,-0.36
14.86303902,0.94,0.14,-0.28
14.87346315,1.24,-0.15,-0.32
14.88288212,1.48,-0.58,-0.48
14.89345598,1.47,-0.99,-0.66
14.90237713,1.54,-1.22,-0.86
14.91252232,1.65,-1.14,-1
14.92248106,1.8,-0.75,-0.9
14.93422318,2.08,-0.18,-0.61
14.94369411,2.4,0.16,-0.39
14.96021914,2.64,0.05,-0.35
14.96239114,2.4,-0.44,-0.34
14.97351122,2.06,-1.1,-0.44
14.98242998,1.93,-1.12,-0.63
14.99311614,1.91,-0.27,-0.48
15.00241017,1.8,0.76,-0.03
15.01242399,1.82,0.82,0.08
15.02254105,1.88,0.22,-0.1
15.0339222,1.88,-0.28,-0.26
15.04404831,1.89,-0.26,-0.16
15.05931902,1.95,0.19,0.14
15.06295919,1.81,0.32,0.47
15.07330608,1.7,-0.2,0.56
15.08218527,1.51,-0.38,0.34
15.09305215,1.17,-0.1,-0.02
15.10187221,0.98,0.37,-0.31
15.11230898,0.92,0.88,-0.29
15.12212706,0.98,0.8,-0.03
15.13373899,1.13,0.21,0.18
15.14324331,1.3,-0.23,0.42
15.15995026,1.32,-0.48,0.53
15.16227722,1.19,-0.5,0.51
15.17300701,0.96,-0.22,0.39
15.18180132,0.72,0.16,0.16
15.19313002,0.74,0.51,-0.01
15.20168018,0.82,0.53,0.01
15.21191502,0.77,0.12,0.06
15.22171116,0.65,-0.01,0.2
15.23383117,0.44,-0.07,0.26
15.24321032,0.26,0.01,0.13
15.26011801,0.19,0.2,-0.01
15.26217914,0.15,0.22,-0.1
15.27309418,0.13,0.21,-0.12
15.28161001,0.15,0.19,0
15.29250216,0.13,-0.01,0.19
15.30180502,0.07,-0.12,0.29
15.31192613,0.05,-0.05,0.28
15.32153225,0.03,-0.02,0.24
15.33337212,-0.02,-0.01,0.18
15.34198999,-0.02,0.08,0.11
15.35893011,-0.03,0.06,0.09
15.36175013,-0.09,0,0.06
15.3729341,-0.17,-0.01,0
15.38154817,-0.25,-0.02,-0.06
15.3927722,-0.29,0,-0.13
15.40171719,-0.33,-0.03,-0.16
15.41165614,-0.37,-0.09,-0.2
15.42186022,-0.41,-0.11,-0.23
15.43373108,-0.49,-0.11,-0.25
15.44294214,-0.56,-0.13,-0.28
15.45998311,-0.62,-0.06,-0.25
15.46179724,-0.62,-0.06,-0.25
15.47241831,-0.66,-0.15,-0.26
15.48102903,-0.71,-0.21,-0.26
15.49241209,-0.77,-0.26,-0.28
15.50114012,-0.82,-0.27,-0.33
15.51142597,-0.85,-0.2,-0.35
15.52146101,-0.87,-0.09,-0.34
15.53288317,-0.88,-0.05,-0.27
15.54146719,-0.88,-0.14,-0.17
15.55936098,-0.95,-0.29,-0.06
15.56185818,-1.02,-0.36,-0.02
15.57277513,-1.09,-0.3,-0.1
15.58131719,-1.19,-0.21,-0.18
15.59230113,-1.18,-0.13,-0.26
15.60101819,-1.19,-0.05,-0.25
15.6114521,-1.24,-0.1,-0.15
15.62213707,-1.33,-0.26,-0.03
15.63319516,-1.41,-0.33,0.08
15.6427362,-1.49,-0.24,0.19
15.65814614,-1.57,-0.18,0.26
15.66178131,-1.67,-0.23,0.28
15.67156601,-1.67,-0.23,0.27
15.68058419,-1.58,-0.13,0.3
15.69197702,-1.53,-0.07,0.38
15.70080709,-1.64,-0.14,0.52
15.71089029,-1.75,-0.28,0.61
15.72093415,-1.77,-0.26,0.66
15.73173118,-1.83,-0.13,0.72
15.74163318,-1.96,-0.04,0.81
15.75833511,-2.1,0.03,0.9
15.76118708,-2.22,0.07,0.97
15.7717452,-2.27,0.11,1.02
15.78070211,-2.25,0.18,1.07
15.79180813,-2.28,0.21,1.11
15.80065513,-2.28,0.13,1.12
15.81058931,-2.28,0.1,1.11
15.82162118,-2.17,0.1,1.09
15.83322215,-2.02,0.12,1.06
15.84144402,-1.81,0.07,1.02
15.85824299,-1.58,0.03,0.88
15.86119914,-1.31,0.1,0.65
15.87161517,-0.99,0.31,0.38
15.88043499,-0.68,0.67,0.08
15.89162016,-0.33,1.15,-0.22
15.9009192,0.05,1.67,-0.48
15.91059303,0.35,2.11,-0.67
15.92033815,0.49,2.42,-0.73
15.93142223,0.65,2.58,-0.75
15.94138908,0.61,2.66,-0.76
15.95714998,0.56,2.69,-0.74
15.96138906,0.31,2.43,-0.71
15.97169709,0.1,2.01,-0.64
15.98057318,-0.2,1.49,-0.57
15.99128628,-0.44,0.85,-0.45
16.00030422,-0.35,0.02,-0.25
16.01065731,-0.14,-0.7,-0.04
16.02034116,0.03,-1.16,0.13
16.03268623,0.14,-1.27,0.23
16.04106998,0.19,-1.05,0.21
16.05868006,0.18,-0.67,0.15
16.06144214,0.16,-0.27,0.08
16.07067823,0.16,0.11,-0.03
16.08047819,0.14,0.46,-0.11
16.09092617,0.08,0.78,-0.13
16.10006618,0.03,0.98,-0.1
16.11041307,0.05,0.96,-0.03
16.11995816,0.17,0.67,0.07
16.13247299,0.28,0.13,0.16
16.14085913,0.37,-0.53,0.18
16.15761614,0.49,-1.11,0.13
16.16048813,0.66,-1.42,0.03
16.17125225,0.82,-1.57,-0.14
16.17993402,0.89,-1.65,-0.38
16.19099998,0.97,-1.67,-0.57
16.20020819,1.14,-1.53,-0.67
16.21004725,1.47,-1.25,-0.7
16.21989107,1.75,-0.96,-0.64
16.23118925,1.91,-0.84,-0.57
16.24079514,2.13,-0.9,-0.51
16.25759029,2.38,-1.11,-0.5
16.25981712,2.28,-1.32,-0.48
16.27108622,2.22,-1.48,-0.57
16.27997828,2.14,-1.32,-0.62
16.29094815,2.12,-0.68,-0.36
16.299685,2.27,0.36,0.14
16.31015015,2.41,0.9,0.31
16.31985331,2.42,0.47,0.08
16.33083105,2.19,-0.38,-0.26
16.34110832,1.85,-0.86,-0.6
16.35792208,1.83,-0.45,-0.72
16.36068821,1.93,0.72,-0.43
16.37060499,2.03,1.18,-0.01
16.37979031,1.93,0.26,0.13
16.39065814,1.56,-0.97,0.03
16.39943314,1.44,-1.11,-0.34
16.40963912,1.2,-0.07,-0.51
16.41975832,1.09,0.8,-0.44
16.43085217,1.08,0.96,-0.17
16.43973112,1.08,0.45,0.18
16.45718431,1.2,-0.19,0.41
16.4597652,1.12,-0.51,0.47
16.4707942,1.03,-0.37,0.38
16.47936201,0.83,0.11,0.25
16.49049902,0.63,0.31,0.1
16.49934411,0.67,0.52,-0.01
16.50954199,0.75,0.53,0.05
16.51972198,0.84,0.24,0.21
16.53058624,0.81,0.06,0.34
16.54022408,0.6,0.01,0.43
16.55568504,0.34,0.04,0.25
16.56050825,0.18,0.27,-0.1
16.57042813,0.21,0.58,-0.33
16.57942319,0.28,0.51,-0.31
16.59039211,0.33,0.26,-0.11
16.59952617,0.44,0.08,0.1
16.60917807,0.58,-0.11,0.29
16.61981916,0.65,-0.26,0.41
16.63162899,0.62,-0.24,0.47
16.64036918,0.45,-0.19,0.37
16.6569612,0.31,0.05,0.08
16.65957928,0.24,0.35,-0.14
16.67031717,0.29,0.39,-0.18
16.67949414,0.28,0.2,-0.06
16.69022799,0.21,-0.03,0.11
16.69892716,0.1,-0.23,0.17
16.70892715,-0.08,-0.28,0.04
16.7191112,-0.23,-0.09,-0.22
16.73012304,-0.36,0.14,-0.38
16.73956823,-0.4,0.26,-0.45
16.75741529,-0.39,0.18,-0.36
16.76008821,-0.38,-0.07,-0.21
16.77030611,-0.36,-0.28,-0.11
16.77885413,-0.4,-0.34,-0.06
16.79015827,-0.46,-0.25,-0.1
16.79892397,-0.5,-0.08,-0.17
16.8089323,-0.51,0.04,-0.2
16.8187952,-0.51,-0.01,-0.22
16.83121204,-0.52,-0.23,-0.21
16.84055328,-0.58,-0.31,-0.12
16.85677218,-0.65,-0.32,-0.06
16.8595922,-0.7,-0.21,-0.1
16.86968613,-0.73,-0.13,-0.18
16.87862921,-0.75,-0.09,-0.2
16.88988304,-0.79,-0.07,-0.13
16.89873028,-0.8,-0.13,-0.04
16.908813,-0.74,-0.23,0.03
16.91863918,-0.75,-0.37,0.14
16.92952299,-0.8,-0.49,0.21
16.93917131,-0.84,-0.48,0.23
16.95622301,-0.95,-0.38,0.25
16.95954323,-1.04,-0.28,0.23
16.96953821,-1.1,-0.22,0.16
16.9787221,-1.17,-0.17,0.09
16.9892571,-1.27,-0.2,0.04
16.99843597,-1.32,-0.21,0.05
17.00848103,-1.42,-0.15,0.11
17.01864529,-1.54,-0.16,0.17
17.03026319,-1.71,-0.23,0.23
17.03977203,-1.84,-0.21,0.26
17.05655098,-1.9,-0.07,0.3
17.05950713,-2,0,0.37
17.06960106,-2.09,-0.03,0.48
17.07866526,-2.11,-0.06,0.58
17.08940029,-2.13,-0.1,0.66
17.09817815,-2.15,-0.16,0.75
17.1083982,-2.19,-0.24,0.86
17.11813402,-2.26,-0.28,0.95
17.12994719,-2.41,-0.28,1.02
17.13954926,-2.56,-0.25,1.08
17.15593004,-2.69,-0.11,1.12
17.158216,-2.81,0.04,1.17
17.16933417,-2.82,0.25,1.25
17.17834616,-2.74,0.41,1.4
17.18885803,-2.66,0.41,1.52
17.19820023,-2.51,0.14,1.56
17.20826101,-2.25,-0.26,1.46
17.21786499,-1.94,-0.6,1.06
17.23042512,-1.57,-0.6,0.48
17.23945713,-1.09,-0.25,-0.02
17.25599527,-0.35,0.32,-0.33
17.25900912,0,1.05,-0.5
17.26894212,0.44,1.81,-0.71
17.27790833,0.82,2.36,-0.87
17.28904629,0.99,2.58,-1.02
17.29801702,0.9,2.41,-1.14
17.30807114,0.67,1.84,-1.11
17.31801128,0.41,1.02,-0.88
17.3296051,0.2,0.29,-0.54
17.33917618,0.01,-0.34,-0.16
17.35577822,-0.13,-0.92,0.2
17.35811329,-0.16,-1.44,0.5
17.36876011,-0.14,-1.73,0.67
17.37828732,-0.11,-1.66,0.7
17.38891125,-0.02,-1.29,0.59
17.39797115,0.18,-0.71,0.37
17.40787911,0.42,-0.13,0.08
17.41775227,0.64,0.36,-0.22
17.4289391,0.84,0.73,-0.45
17.43949127,0.99,0.97,-0.61
17.45561409,1.11,1.02,-0.71
17.45812416,1.23,0.89,-0.8
17.46855831,1.32,0.61,-0.88
17.477283,1.38,0.25,-0.96
17.48863816,1.47,-0.14,-1.03
17.4974432,1.54,-0.46,-1.02
17.50767016,1.72,-0.61,-0.9
17.51739216,1.87,-0.68,-0.67
17.52945423,1.93,-0.76,-0.4
17.53810024,1.98,-0.78,-0.17
17.55545521,1.94,-0.84,-0.05
17.55785418,2.1,-1.01,-0.09
17.56874228,2.39,-1.06,-0.3
17.57762623,2.64,-0.82,-0.52
17.58864117,2.9,-0.37,-0.58
17.59749508,2.91,0.14,-0.47
17.60749531,2.83,0.36,-0.23
17.6172123,2.67,0.28,-0.09
17.62963629,2.4,-0.02,-0.08
17.63876414,2.18,-0.13,-0.17
17.65537024,2.11,0.14,-0.27
17.65796328,1.92,0.52,-0.36
17.6681571,1.82,0.58,-0.38
17.67738104,1.72,0.68,-0.19
17.68801498,1.71,0.49,0.1
17.69729018,1.75,0.02,0.37
17.70728016,1.47,-0.63,0.43
17.71730232,1.23,-0.79,0.05
17.72834516,0.95,-0.07,-0.39
17.73856926,0.8,0.7,-0.65
17.75521326,0.81,0.93,-0.58
17.75739312,0.79,0.59,-0.29
17.76800919,0.86,-0.01,0.05
17.77722931,0.91,-0.48,0.31
17.78823423,0.86,-0.62,0.38
17.79712319,0.66,-0.36,0.25
17.80674601,0.45,0.11,-0.04
17.81697226,0.35,0.49,-0.23
17.82897115,0.35,0.6,-0.17
17.83835506,0.41,0.38,0
17.85500431,0.49,0.11,0.25
17.85760021,0.48,-0.1,0.45
17.86783409,0.48,-0.15,0.46
17.87696409,0.39,-0.04,0.37
17.88794017,0.29,0.1,0.23
17.89693213,0.21,0.23,0.17
17.90699315,0.17,0.21,0.18
17.91652822,0.17,0.1,0.28
17.92875218,0.19,-0.12,0.43
17.93749714,0.23,-0.42,0.51
17.95539904,0.08,-0.42,0.4
17.95775127,0.08,-0.42,0.4
17.96761513,-0.03,-0.13,0.18
17.97652411,-0.15,0.09,0.01
17.98796511,-0.24,0.17,-0.08
17.99682522,-0.3,0.08,-0.1
18.00693417,-0.35,-0.06,-0.07
18.0165,-0.39,-0.14,-0.05
18.02821016,-0.42,-0.16,-0.06
18.03738403,-0.43,-0.17,-0.11
18.0541842,-0.45,-0.13,-0.13
18.05690217,-0.48,-0.08,-0.15
18.06769919,-0.51,0,-0.16
18.07653618,-0.56,0.03,-0.11
18.08726406,-0.63,-0.01,-0.09
18.09662318,-0.68,0,-0.12
18.10650921,-0.73,0.02,-0.12
18.11586332,-0.73,0.02,-0.12
18.1272583,-0.73,-0.03,-0.08
18.1372261,-0.69,-0.09,-0.07
18.15522909,-0.78,-0.21,-0.05
18.15754318,-0.78,-0.21,-0.05
18.16724014,-0.88,-0.11,-0.04
18.176507,-0.98,-0.07,0.01
18.18739605,-1.04,-0.08,0.04
18.19628215,-1.07,-0.07,0.09
18.20646214,-1.08,-0.1,0.17
18.21709204,-1.09,-0.16,0.27
18.22803307,-1.1,-0.25,0.37
18.23783207,-1.18,-0.32,0.43
18.25431728,-1.31,-0.35,0.43
18.25692916,-1.38,-0.25,0.37
18.26715803,-1.47,-0.06,0.34
18.27620912,-1.55,0.03,0.36
18.2871232,-1.6,0,0.42
18.29591227,-1.69,-0.14,0.48
18.30630398,-1.78,-0.27,0.53
18.31603098,-1.91,-0.36,0.52
18.32714319,-2,-0.36,0.47
18.33651114,-2.05,-0.27,0.42
18.3546412,-2.28,-0.07,0.51
18.35677409,-2.28,-0.07,0.51
18.36717319,-2.36,-0.06,0.63
18.3757422,-2.44,-0.07,0.76
18.38693118,-2.48,-0.07,0.93
18.39602709,-2.54,-0.08,1.12
18.40600824,-2.59,-0.11,1.31
18.41670322,-2.62,-0.2,1.47
18.42769718,-2.64,-0.35,1.53
18.43682218,-2.64,-0.47,1.47
18.45392799,-2.57,-0.64,1.27
18.45669413,-2.39,-0.72,0.93
18.4667201,-2.03,-0.55,0.54
18.47549319,-1.46,-0.08,0.18
18.486413,-0.8,0.66,-0.14
18.49583912,-0.17,1.44,-0.5
18.50567007,0.37,2.14,-0.87
18.51547003,0.78,2.71,-1.18
18.52670813,1.12,3.05,-1.38
18.53629732,1.23,3,-1.47
18.55212498,1.01,2.6,-1.52
18.55648112,0.74,2.02,-1.52
18.56648922,0.5,1.46,-1.45
18.57557201,0.07,1.14,-1.36
18.58626509,-0.2,0.89,-1.07
18.59583807,-0.41,0.35,-0.56
18.60581207,-0.41,-0.47,0.11
18.61632729,-0.38,-1.28,0.7
18.62784219,-0.36,-1.88,0.95
18.63748503,-0.34,-2.1,0.92
18.65427208,-0.14,-1.41,0.32
18.65627432,-0.14,-1.41,0.32
18.66649103,0.03,-0.54,-0.07
18.67515612,0.18,0.51,-0.37
18.68613219,0.27,1.4,-0.53
18.69508219,0.27,1.88,-0.59
18.70530415,0.21,1.94,-0.54
18.71553516,0.17,1.66,-0.42
18.726717,0.15,1.22,-0.26
18.73602104,0.14,0.68,-0.12
18.75317001,0.18,0.1,-0.01
18.75573111,0.24,-0.39,0.05
18.76619411,0.29,-0.73,0.07
18.77531314,0.35,-0.89,0.09
18.7863102,0.42,-0.92,0.03
18.79513025,0.53,-0.83,-0.07
18.80532932,0.69,-0.71,-0.16
18.81525898,0.89,-0.59,-0.24
18.82744026,1.04,-0.57,-0.32
18.835886,1.12,-0.68,-0.43
18.85215998,1.19,-0.84,-0.54
18.85507822,1.3,-0.91,-0.56
18.86613917,1.49,-0.84,-0.53
18.8749032,1.74,-0.68,-0.45
18.88626719,1.92,-0.55,-0.34
18.89503312,2.05,-0.53,-0.24
18.90493202,2.02,-0.63,-0.12
18.91480923,2.01,-0.81,-0.02
18.92593098,2.08,-0.92,0.08
18.935431,2.12,-0.85,0.23
18.95406103,2.35,-0.26,0.39
18.95619822,2.35,-0.26,0.39
18.96573114,2.31,-0.32,0.23
18.97497702,2.09,-0.53,-0.07
18.98544407,1.83,-0.52,-0.3
18.99470019,1.74,0.06,-0.34
19.00482702,1.77,0.79,-0.13
19.01560307,1.8,0.96,0.11
19.02671909,1.7,0.36,0.18
19.03581309,1.69,-0.34,0.04
19.05230117,1.57,-0.45,-0.13
19.05451298,1.38,-0.14,-0.29
19.06548309,1.39,0.48,-0.27
19.07471514,1.31,0.8,-0.01
19.08556223,1.27,0.4,0.19
19.09441113,1.37,-0.01,0.31
19.10440826,1.37,-0.27,0.32
19.11477804,1.26,-0.34,0.29
19.12701321,0.92,-0.2,0.15
19.13622999,0.75,0.27,-0.07
19.15366602,0.68,0.62,-0.05
19.15544009,0.68,0.62,-0.05
19.16540217,0.69,0.26,0.11
19.17480421,0.56,-0.01,0.32
19.18527317,0.37,-0.25,0.29
19.19423413,0.23,-0.05,0.13
19.20454121,0.06,0.24,-0.02
19.21469402,-0.03,0.39,-0.17
19.22538519,-0.11,0.29,-0.16
19.23506403,-0.18,0.12,-0.06
19.25074005,-0.2,-0.03,0.08
19.25502419,-0.19,-0.15,0.22
19.26513624,-0.2,-0.2,0.3
19.27412415,-0.26,-0.26,0.26
19.28511119,-0.29,-0.13,0.14
19.29470921,-0.34,-0.02,0.03
19.30514097,-0.39,-0.09,-0.11
19.31503105,-0.43,-0.05,-0.16
19.32647705,-0.54,-0.04,-0.17
19.33614302,-0.64,-0.15,-0.22
19.35237503,-0.74,-0.19,-0.28
19.35473824,-0.85,-0.19,-0.34
19.36517525,-0.93,-0.17,-0.39
19.37413216,-1.04,-0.18,-0.42
19.38474798,-1.14,-0.21,-0.46
19.39412117,-1.18,-0.14,-0.47
19.40380526,-1.24,-0.07,-0.42
19.41455221,-1.28,-0.17,-0.37
19.42636728,-1.31,-0.26,-0.27
19.434515,-1.35,-0.32,-0.19
19.45213318,-1.38,-0.36,-0.16
19.45473909,-1.45,-0.34,-0.13
19.46505404,-1.51,-0.26,-0.13
19.47378397,-1.6,-0.15,-0.16
19.48496914,-1.65,-0.06,-0.19
19.49364114,-1.71,0.01,-0.19
19.50433397,-1.78,0.04,-0.13
19.5139432,-1.86,0.03,-0.04
19.52608514,-1.97,0.01,0.09
19.53538513,-2.08,0.01,0.23
19.55286717,-2.21,0.05,0.49
19.55511999,-2.21,0.05,0.49
19.56469202,-2.25,0.12,0.58
19.57376432,-2.29,0.18,0.69
19.58466315,-2.3,0.23,0.82
19.59376311,-2.29,0.25,0.96
19.60371923,-2.22,0.27,1.12
19.61348104,-2.13,0.28,1.29
19.62477612,-2.06,0.23,1.42
19.63440609,-1.98,0.09,1.46
19.6510272,-1.86,-0.05,1.38
19.65381813,-1.7,-0.24,1.19
19.66474104,-1.47,-0.39,0.92
19.67372799,-1.17,-0.37,0.59
19.68426323,-0.85,-0.09,0.23
19.69362831,-0.54,0.37,-0.18
19.70433116,-0.28,1.01,-0.59
19.71416712,0.02,1.64,-0.88
19.72542214,0.24,2.04,-1.05
19.73486328,0.3,2.02,-1.06
19.75171328,0.33,1.55,-0.88
19.7543211,0.29,0.73,-0.58
19.76421309,0.23,-0.22,-0.27
19.77315331,0.13,-1.01,-0.01
19.78421211,0.03,-1.47,0.16
19.7934711,-0.07,-1.57,0.24
19.80341315,-0.11,-1.39,0.26
19.81314111,-0.08,-1.08,0.23
19.82439113,-0.07,-0.76,0.18
19.83391809,-0.03,-0.45,0.09
19.85178232,0.05,0.06,-0.11
19.85425615,0.05,0.06,-0.11
19.86446905,0.06,0.25,-0.16
19.87316322,0.09,0.39,-0.2
19.88425922,0.1,0.45,-0.21
19.89302206,0.13,0.4,-0.17
19.9027791,0.13,0.26,-0.04
19.91385412,0.1,0,0.14
19.92460728,0.07,-0.33,0.34
19.934165,0.08,-0.66,0.43
19.95100212,0.12,-0.85,0.4
19.95380616,0.17,-0.82,0.28
19.96389818,0.22,-0.61,0.13
19.9727273,0.24,-0.29,0.01
19.98372817,0.25,0.06,-0.06
19.99315405,0.31,0.34,-0.08
20.00272012,0.33,0.53,-0.07
20.01294518,0.32,0.57,-0.02
20.02401614,0.28,0.5,0.02
20.03371525,0.2,0.41,0.03
20.05126309,0.15,0.41,-0.02
20.05308914,0.15,0.52,-0.07
20.06374812,0.21,0.67,-0.1
20.07270002,0.25,0.72,-0.1
20.08308315,0.25,0.59,-0.01
20.0923841,0.25,0.28,0.13
20.1027391,0.2,-0.09,0.26
20.11352921,0.14,-0.33,0.29
20.12443209,0.09,-0.34,0.22
20.13396931,0.07,-0.12,0.1
20.15169311,0.15,0.54,-0.14
20.15394497,0.15,0.54,-0.14
20.16370416,0.16,0.7,-0.16
20.17250824,0.15,0.66,-0.12
20.18333316,0.15,0.51,-0.02
20.19230223,0.16,0.27,0.05
20.20286322,0.13,0.02,0.08
20.213027,0.1,-0.16,0.08
20.224576,0.08,-0.19,0.07
20.23408818,0.07,-0.07,0.08
20.2502811,0.05,0.09,0.08
20.25241899,0.05,0.17,0.08
20.26356125,0.08,0.2,0.07
20.27235222,0.1,0.15,0.08
20.2831912,0.08,0.08,0.09
20.29224205,0.05,0.02,0.08
20.30219603,0.04,0.07,0.06
20.31248331,0.06,0.19,0.03
20.32373214,0.09,0.31,-0.01
20.33406401,0.1,0.35,-0.05
20.35051513,0.1,0.29,-0.05
20.35300827,0.11,0.18,0
20.36356115,0.14,0.06,0.06
20.37234712,0.19,-0.07,0.11
20.38293028,0.28,-0.2,0.11
20.3923111,0.42,-0.35,0.02
20.40232515,0.57,-0.51,-0.13
20.41286802,0.66,-0.68,-0.32
20.42378998,0.79,-0.79,-0.51
20.43345809,1.03,-0.79,-0.54
20.4506712,1.54,-0.72,-0.39
20.45265532,1.54,-0.72,-0.39
20.46294498,1.8,-0.89,-0.41
20.47217512,2.01,-1.22,-0.53
20.48295116,2.07,-1.5,-0.67
20.49199414,2.11,-1.53,-0.85
20.50180817,2.12,-1.15,-0.95
20.51181412,2.22,-0.43,-0.82
20.52350712,2.41,0.35,-0.45
20.53269005,2.63,0.6,-0.02
20.5490191,2.64,0.01,0.18
20.55267,2.36,-1.19,0.13
20.56325006,2.16,-1.64,-0.16
20.57172108,1.98,-0.67,-0.32
20.583004,1.79,0.58,-0.31
20.59176612,1.84,1.08,-0.32
20.60187006,1.9,0.75,-0.27
20.61206627,1.79,-0.07,-0.27
20.62364411,1.81,-0.46,-0.27
20.63317418,1.6,-0.2,-0.11
20.64927411,1.45,0.06,0.04
20.65199804,1.41,0.2,0.12
20.6625731,1.27,-0.15,0.06
20.67145205,1.21,-0.37,-0.09
20.68281507,1.08,-0.05,-0.13
20.69149923,0.93,0.03,-0.15
20.70167613,0.8,0.04,-0.21
20.71162415,0.69,0,-0.21
20.72357225,0.59,-0.03,-0.16
20.73323202,0.48,-0.08,-0.09
20.7487731,0.25,-0.23,-0.16
20.7516861,-0.02,-0.19,-0.45
20.76234531,-0.28,0.03,-0.86
20.7714982,-0.52,0.15,-1.21
20.78217912,-0.65,0.3,-1.39
20.79093504,-0.76,0.31,-1.35
20.80093908,-0.76,0.11,-1.16
20.81220412,-0.71,-0.14,-0.86
20.82383823,-0.68,-0.46,-0.5
20.83242607,-0.66,-0.77,-0.22
20.84890914,-0.7,-0.91,-0.08
20.85151529,-0.76,-0.87,-0.09
20.86227012,-0.81,-0.62,-0.18
20.87137818,-0.87,-0.27,-0.27
20.88235807,-0.89,0,-0.31
20.89106798,-0.9,0.12,-0.29
20.90112519,-0.91,0.09,-0.18
20.91173124,-0.97,-0.1,-0.05
20.92322397,-1.05,-0.33,0
20.93292117,-1.13,-0.38,-0.01
20.94953299,-1.21,-0.17,-0.03
20.95178509,-1.29,0.03,-0.11
20.96214318,-1.37,0.13,-0.18
20.97109413,-1.44,0.15,-0.16
20.98183918,-1.47,0.1,-0.09
20.99113917,-1.48,-0.02,0.05
21.00101709,-1.51,-0.11,0.28
21.01174021,-1.59,-0.23,0.54
21.02261615,-1.7,-0.33,0.75
21.03217411,-1.81,-0.35,0.86
21.04824305,-1.9,-0.27,0.87
21.05093813,-2,-0.08,0.81
21.06174803,-2.06,0.12,0.76
21.07073832,-2.09,0.33,0.74
21.08159399,-2.14,0.5,0.79
21.09100533,-2.16,0.58,0.97
21.10086203,-2.16,0.53,1.22
21.11156917,-2.18,0.41,1.51
21.12306118,-2.19,0.22,1.78
21.13210917,-2.18,-0.03,1.97
21.149611,-2.14,-0.33,2.02
21.151649,-2.14,-0.33,2.02
21.16162109,-2.01,-0.55,1.8
21.17045307,-1.83,-0.76,1.37
21.18138218,-1.56,-0.67,0.87
21.19065118,-1.2,-0.14,0.45
21.20079112,-0.85,0.67,0.15
21.21134806,-0.45,1.5,-0.09
21.22296214,-0.14,2.16,-0.27
21.23151827,0.08,2.49,-0.39
21.24919415,0.37,2.16,-0.51
21.25128412,0.37,2.16,-0.51
21.26149416,0.41,1.85,-0.5
21.27036619,0.37,1.58,-0.45
21.28168416,0.29,1.27,-0.34
21.29042101,0.2,0.9,-0.2
21.30124712,0.11,0.42,0
21.31091118,0.04,-0.13,0.26
21.32249117,0.01,-0.6,0.4
21.33179617,0.02,-0.84,0.4
21.3490963,0.12,-0.52,0.3
21.35146213,0.12,-0.52,0.3
21.361238,0.23,-0.19,0.23
21.37036514,0.32,0.07,0.14
21.3812871,0.38,0.25,0.06
21.38990498,0.4,0.37,-0.01
21.40037298,0.37,0.48,-0.09
21.41022611,0.3,0.62,-0.18
21.42108297,0.27,0.76,-0.25
21.43093109,0.19,0.86,-0.24
21.44733,0.15,0.83,-0.15
21.45098925,0.13,0.6,0
21.46072102,0.13,0.19,0.17
21.46999025,0.16,-0.3,0.29
21.48085928,0.22,-0.67,0.3
21.49032617,0.33,-0.84,0.21
21.50015926,0.44,-0.86,0.07
21.51060629,0.59,-0.87,-0.1
21.52204514,0.75,-0.92,-0.28
21.53160524,0.9,-0.99,-0.42
21.54869413,1.01,-1.05,-0.54
21.55108118,1.14,-1.03,-0.7
21.56096911,1.33,-0.95,-0.83
21.57002211,1.57,-0.84,-0.88
21.5806551,1.9,-0.72,-0.88
21.59016514,2.1,-0.69,-0.85
21.60001421,2.03,-0.89,-0.83
21.60967398,2.02,-1.16,-0.91
21.62087512,2,-1.07,-0.9
21.63028812,2.04,-0.58,-0.68
21.646595,2.09,-0.04,-0.39
21.65025616,2.07,0.26,-0.11
21.66108918,2.1,0.07,0.13
21.66944909,2.14,-0.42,0.22
21.68095016,2.22,-0.69,0.27
21.68982124,2.18,-0.53,0.31
21.69979215,1.83,-0.35,0.31
21.71020126,1.6,-0.29,0.08
21.72199202,1.58,0.15,-0.16
21.7310071,1.45,0.65,-0.22
21.74791217,1.45,0.8,-0.17
21.7507453,1.62,0.67,0.01
21.76083899,1.74,0.28,0.24
21.76935005,1.76,-0.22,0.51
21.78033614,1.45,-0.74,0.61
21.78960514,1.07,-0.55,0.44
21.79977012,0.67,0.19,0.08
21.80941319,0.46,0.59,-0.43
21.82074213,0.4,0.84,-0.71
21.83022499,0.38,0.7,-0.67
21.84787321,0.42,0,0.13
21.849576,0.42,0,0.13
21.86059332,0.46,-0.47,0.48
21.86953616,0.5,-0.58,0.61
21.88060617,0.43,-0.35,0.62
21.88946414,0.32,-0.12,0.45
21.89923429,0.23,0.17,0.24
21.90938711,0.1,0.24,0.03
21.92133212,0.04,0.33,-0.1
21.93073702,-0.01,0.31,-0.07
21.947927,-0.01,-0.15,0.1
21.94961715,-0.01,-0.15,0.1
21.9603312,-0.05,-0.25,0.11
21.96924829,-0.1,-0.25,0.03
21.98026919,-0.18,-0.18,-0.09
21.98934126,-0.27,-0.05,-0.22
21.99938726,-0.33,0.1,-0.32
22.00905013,-0.35,0.1,-0.34
22.02040315,-0.36,-0.06,-0.29
22.02976012,-0.38,-0.2,-0.2
22.0480361,-0.53,-0.34,-0.21
22.04953098,-0.53,-0.34,-0.21
22.06037521,-0.56,-0.21,-0.35
22.06882215,-0.62,-0.09,-0.49
22.0801661,-0.63,-0.04,-0.59
22.08878708,-0.64,0.03,-0.61
22.09879303,-0.65,-0.05,-0.56
22.10952997,-0.67,-0.17,-0.48
22.12068415,-0.69,-0.17,-0.39
22.1297431,-0.73,-0.17,-0.36
22.14691615,-0.75,-0.19,-0.36
22.14919329,-0.8,-0.09,-0.31
22.15993404,-0.83,-0.01,-0.25
22.16813898,-0.83,0.02,-0.15
22.17969418,-0.85,-0.04,-0.02
22.18886805,-0.9,-0.23,0.11
22.19872904,-0.93,-0.37,0.2
22.20831823,-0.96,-0.4,0.27
22.21965027,-0.98,-0.36,0.3
22.22953701,-0.96,-0.22,0.32
22.24755526,-0.95,-0.09,0.44
22.249228,-0.95,-0.09,0.44
22.25961113,-1.01,-0.14,0.52
22.26881123,-1.14,-0.25,0.61
22.2797811,-1.26,-0.28,0.66
22.2887392,-1.38,-0.25,0.66
22.29847312,-1.48,-0.18,0.62
22.30942512,-1.64,-0.11,0.59
22.32049513,-1.76,-0.09,0.57
22.33002806,-1.84,-0.06,0.55
22.34708929,-1.98,-0.02,0.63
22.348804,-1.98,-0.02,0.63
22.3597331,-2.06,-0.06,0.69
22.36874413,-2.12,-0.11,0.76
22.37956524,-2.16,-0.09,0.84
22.38852119,-2.19,-0.05,0.94
22.3983171,-2.21,-0.03,1.03
22.4082942,-2.24,-0.03,1.1
22.41914606,-2.24,-0.08,1.18
22.43008518,-2.18,-0.06,1.27
22.44620514,-2.03,-0.03,1.34
22.448421,-1.83,-0.04,1.34
22.45929098,-1.58,-0.12,1.22
22.46816921,-1.29,-0.19,0.95
22.47921014,-0.95,-0.11,0.56
22.48852015,-0.63,0.11,0.16
22.49801826,-0.23,0.49,-0.22
22.50853729,0.15,1.01,-0.54
22.5201261,0.44,1.52,-0.81
22.52979612,0.7,1.94,-0.99
22.54651213,0.87,2.12,-1.06
22.54848218,0.91,1.98,-1
22.55931807,0.81,1.55,-0.85
22.56835127,0.57,0.89,-0.7
22.57901716,0.32,0.24,-0.48
22.58777332,0.07,-0.2,-0.17
22.59828806,-0.06,-0.42,0.24
22.60774326,-0.06,-0.64,0.51
22.61878514,-0.01,-0.9,0.56
22.62950802,0.01,-1.01,0.48
22.64661312,0.13,-0.46,0.24
22.64850426,0.13,-0.46,0.24
22.65901017,0.2,0.08,0.1
22.66803932,0.26,0.56,-0.03
22.67893124,0.29,0.86,-0.14
22.68791914,0.31,0.96,-0.2
22.69732213,0.31,0.92,-0.2
22.70747614,0.31,0.76,-0.14
22.72014213,0.33,0.5,-0.06
22.72899318,0.34,0.17,-0.01
22.74603605,0.36,-0.17,0.03
22.74802208,0.42,-0.44,0.05
22.75873113,0.41,-0.59,0.05
22.76780701,0.4,-0.66,0.01
22.77871704,0.4,-0.61,-0.04
22.78702021,0.4,-0.43,-0.05
22.79792619,0.41,-0.21,-0.04
22.80764318,0.45,-0.04,-0.03
22.81968212,0.51,0.04,-0.06
22.82870102,0.6,0.02,-0.13
22.83920002,0.66,-0.1,-0.22
22.84860802,0.64,-0.26,-0.32
22.85862398,0.62,-0.36,-0.38
22.86691809,0.62,-0.34,-0.37
22.87860918,0.64,-0.2,-0.27
22.88723516,0.63,-0.08,-0.12
22.89775324,0.49,-0.09,-0.02
22.90741205,0.28,-0.22,0
22.9182291,0.15,-0.34,-0.02
22.92795515,0.01,-0.26,-0.04
22.94444227,-0.07,-0.04,-0.06
22.94790602,-0.16,0.16,-0.07
22.95848513,-0.27,0,-0.01
22.96733427,-0.35,-0.32,0
22.97807717,-0.41,-0.56,-0.06
22.98702908,-0.45,-0.53,-0.07
22.99708915,-0.44,-0.2,0.01
23.00732112,-0.35,0.3,0.08
23.01838112,-0.39,0.84,0.09
23.028193,-0.33,0.9,0
23.04644203,-0.36,0.43,-0.26
23.04781914,-0.36,0.43,-0.26
23.05826712,-0.3,0.26,-0.2
23.06709003,-0.24,0.17,-0.06
23.07823706,-0.21,0.09,0.09
23.08713317,-0.18,-0.03,0.18
23.09703112,-0.14,-0.18,0.18
23.10771918,-0.11,-0.27,0.12
23.11873627,-0.09,-0.24,0.05
23.12857628,-0.07,-0.12,-0.03
23.14525414,-0.05,0.05,-0.09
23.14795303,-0.03,0.17,-0.12
23.1576612,0,0.15,-0.13
23.16714215,0.02,0.02,-0.14
23.17771626,0,-0.15,-0.14
23.18725824,-0.04,-0.27,-0.1
23.19708729,-0.08,-0.31,-0.01
23.20682526,-0.11,-0.29,0.08
23.21805716,-0.13,-0.28,0.11
23.22895217,-0.16,-0.29,0.08
23.24551821,-0.17,-0.19,-0.02
23.24705029,-0.17,-0.19,-0.02
23.25757909,-0.17,-0.1,-0.03
23.26671314,-0.16,-0.02,-0.03
23.27778625,-0.17,0,-0.05
23.28648806,-0.18,0.01,-0.07
23.29645824,-0.18,0.02,-0.06
23.30661416,-0.18,0.01,-0.05
23.31855512,-0.17,-0.01,-0.04
23.32852817,-0.15,-0.04,-0.03
23.34532809,-0.09,-0.11,-0.04
23.34735727,-0.09,-0.11,-0.04
23.35771513,-0.07,-0.16,-0.05
23.36655903,-0.06,-0.18,-0.05
23.37762809,-0.05,-0.17,-0.03
23.38650513,-0.06,-0.13,-0.02
23.39636898,-0.06,-0.07,-0.03
23.40663528,-0.03,0.02,-0.04
23.41739607,0,0.1,-0.05
23.42713499,0.02,0.14,-0.08
23.44517899,0.02,0.11,-0.11
23.44666529,0.02,0.11,-0.11
23.45712614,0.02,0.12,-0.12
23.46572614,0.02,0.2,-0.13
23.47705221,0.02,0.29,-0.15
23.486516,0.03,0.35,-0.14
23.49623299,0.03,0.35,-0.1
23.50631213,0.03,0.33,-0.06
23.51879406,0.05,0.3,-0.03
23.52812719,0.09,0.32,-0.02
23.5455842,0.13,0.4,-0.08
23.54693413,0.13,0.4,-0.08
23.55726528,0.11,0.42,-0.11
23.56598997,0.08,0.45,-0.13
23.5771203,0.07,0.5,-0.13
23.58620715,0.06,0.56,-0.12
23.59595418,0.03,0.56,-0.1
23.60608625,0,0.5,-0.1
23.61708832,-0.04,0.4,-0.09
23.62650013,-0.06,0.33,-0.09
23.64546204,-0.08,0.32,-0.09
23.64667416,-0.08,0.32,-0.09
23.65677118,-0.08,0.33,-0.09
23.66582823,-0.1,0.34,-0.09
23.67743921,-0.14,0.35,-0.08
23.68577814,-0.18,0.35,-0.07
23.69653916,-0.21,0.34,-0.08
23.70679712,-0.22,0.34,-0.13
23.71827817,-0.24,0.34,-0.2
23.72644806,-0.26,0.34,-0.24
23.74389911,-0.29,0.34,-0.25
23.74626517,-0.34,0.31,-0.24
23.75700998,-0.39,0.28,-0.2
23.76593924,-0.44,0.24,-0.15
23.77663517,-0.48,0.2,-0.09
23.78587723,-0.5,0.16,-0.04
23.79564524,-0.52,0.12,0.01
23.80582309,-0.51,0.07,0.08
23.81659913,-0.5,0.04,0.14
23.826231,-0.46,0.04,0.2
23.84332323,-0.43,0.04,0.23
23.84541607,-0.38,-0.01,0.25
23.85673809,-0.32,-0.09,0.26
23.86570501,-0.26,-0.14,0.26
23.87628603,-0.2,-0.14,0.22
23.88541698,-0.16,-0.09,0.15
23.89569712,-0.17,0,-0.01
23.90596414,-0.45,0.16,-0.35
23.91725111,-0.73,0.46,-0.77
23.927001,-0.65,0.78,-1.4
23.9428122,-0.48,1.1,-1.67
23.94540811,-0.43,1.38,-1.43
23.95630217,-0.35,1.39,-0.95
23.9655242,-0.3,1.1,-0.72
23.97654724,-0.31,0.7,-0.79
23.9855113,-0.26,0.21,-0.9
23.99561119,-0.18,-0.38,-0.85
24.00524712,-0.16,-0.93,-0.62
24.01658416,-0.13,-1.32,-0.34
24.0268383,-0.06,-1.56,-0.13
24.04383016,0.05,-1.39,-0.02
24.04563522,0.05,-1.39,-0.02
24.05612707,0.06,-1.11,-0.08
24.06513405,0.1,-0.78,-0.17
24.07598019,0.16,-0.43,-0.25
24.08506632,0.17,-0.12,-0.28
24.09533215,0.08,0.08,-0.23
24.10612297,-0.12,0.07,-0.04
24.11679506,-0.37,-0.23,0.3
24.12678814,-0.56,-0.62,0.6
24.1436131,-0.13,0,-0.27
24.14534903,-0.13,0,-0.27
24.15624332,0.03,0.92,-0.61
24.16520405,0.07,1.56,-0.64
24.17579508,0.08,1.79,-0.5
24.18490505,0.07,1.73,-0.38
24.19517112,0.13,1.56,-0.22
24.20514011,0.29,1.28,-0.11
24.21602321,0.34,0.91,0.02
24.22645426,0.41,0.4,0.15
24.24364209,0.45,-0.83,0.37
24.24547315,0.45,-0.83,0.37
24.256042,0.42,-1.2,0.53
24.26503515,0.31,-1.29,0.67
24.27572918,0.15,-1.17,0.8
24.28481913,0.06,-0.92,0.72
24.29500723,-0.06,-0.57,0.45
24.30466604,-0.08,-0.14,0.23
24.31632614,0,0.24,0.12
24.32653522,0.1,0.39,0.08
24.34230804,0.06,0.34,0.11
24.34472013,0.01,0.12,0.17
24.3559761,-0.03,-0.13,0.2
24.36484623,-0.09,-0.23,0.19
24.37516832,-0.09,-0.23,0.19
24.38447905,-0.04,-0.24,0.21
24.39456701,0.05,-0.3,0.26
24.40465617,0.14,-0.4,0.36
24.41670012,0.23,-0.49,0.47
24.42556524,0.31,-0.59,0.51
24.44321513,0.31,-0.64,0.32
24.44554329,0.31,-0.64,0.32
24.45559812,0.26,-0.46,0.18
24.46441603,0.21,-0.18,0.06
24.47548103,0.15,0.11,-0.01
24.48449898,0.1,0.32,-0.04
24.49471617,0.07,0.44,-0.02
24.50447416,0.08,0.46,0.03
24.51532221,0.1,0.3,0.09
24.52510929,0.13,0.08,0.14
24.54173422,0.17,-0.06,0.17
24.54465818,0.19,-0.1,0.18
24.55553722,0.21,-0.06,0.16
24.56426907,0.23,0.02,0.13
24.57521415,0.25,0.06,0.08
24.58388424,0.25,0.04,0.05
24.59382629,0.25,0,0.06
24.60415816,0.24,-0.05,0.1
24.61642504,0.25,-0.13,0.16
24.62584519,0.28,-0.22,0.21
24.64281607,0.4,-0.33,0.18
24.64495516,0.4,-0.33,0.18
24.65513515,0.47,-0.41,0.11
24.66424799,0.54,-0.5,-0.01
24.67519331,0.62,-0.58,-0.13
24.68392015,0.71,-0.65,-0.26
24.69420004,0.8,-0.72,-0.36
24.70372319,0.86,-0.72,-0.43
24.71549416,0.97,-0.69,-0.47
24.72528815,1.1,-0.66,-0.47
24.74180818,1.24,-0.66,-0.43
24.74427319,1.41,-0.76,-0.43
24.75514126,1.52,-0.98,-0.44
24.76376915,1.62,-1.21,-0.49
24.77493811,1.66,-1.25,-0.51
24.78420019,1.64,-1.06,-0.46
24.79408932,1.67,-0.78,-0.39
24.80368209,1.71,-0.44,-0.3
24.81607533,1.79,-0.31,-0.25
24.82591319,1.82,-0.48,-0.28
24.84126019,1.82,-0.77,-0.36
24.8436811,1.84,-0.88,-0.41
24.85514832,1.76,-0.69,-0.37
24.86368799,1.75,-0.42,-0.35
24.87432098,1.77,-0.23,-0.35
24.88379312,1.66,-0.27,-0.28
24.89382815,1.53,-0.44,-0.26
24.90359926,1.34,-0.5,-0.32
24.91496921,1.2,-0.5,-0.5
24.92447901,1.2,-0.27,-0.64
24.94200897,1.15,0.05,-0.6
24.94475818,1.21,0.16,-0.45
24.95472813,1.27,0.06,-0.19
24.963624,1.29,-0.28,0.14
24.97440314,1.34,-0.56,0.38
24.98349905,1.26,-0.76,0.46
24.99365616,1.16,-0.77,0.36
25.00361824,0.91,-0.46,0.17
25.01473904,0.73,-0.07,-0.06
25.02521515,0.67,0.37,-0.3
25.04199028,0.63,0.35,-0.24
25.04433417,0.63,0.35,-0.24
25.05398917,0.63,0.15,-0.06
25.06309509,0.61,-0.2,0.18
25.07449722,0.5,-0.42,0.32
25.08309221,0.22,-0.49,0.32
25.09343314,-0.06,-0.36,0.02
25.10310221,-0.27,-0.01,-0.42
25.11461115,-0.36,0.42,-0.66
25.12398911,-0.39,0.54,-0.7
25.14016104,-0.41,0.33,-0.54
25.14361,-0.4,0.07,-0.23
25.154181,-0.4,-0.23,0.09
25.16330314,-0.39,-0.55,0.32
25.17431831,-0.41,-0.66,0.38
25.18300915,-0.36,-0.52,0.29
25.19339323,-0.37,-0.21,0.17
25.20291018,-0.41,-0.01,0.06
25.2155242,-0.48,0.12,-0.06
25.22436619,-0.58,0.2,-0.11
25.24174809,-0.65,0.15,-0.07
25.24374199,-0.65,0.15,-0.07
25.25420904,-0.67,-0.02,-0.02
25.26307631,-0.68,-0.26,0.05
25.27396727,-0.73,-0.37,0.12
25.283113,-0.8,-0.35,0.15
25.29278612,-0.87,-0.25,0.11
25.30298018,-0.95,-0.12,0.05
25.31488228,-1,0.03,-0.02
25.32405519,-1.04,0.15,-0.02
25.33998203,-1.03,0.17,0.06
25.34280825,-1.01,0.08,0.19
25.35370207,-1.02,-0.13,0.35
25.36273623,-1.07,-0.32,0.51
25.37388706,-1.16,-0.37,0.64
25.38265419,-1.24,-0.31,0.7
25.39284015,-1.3,-0.2,0.69
25.40283728,-1.35,-0.07,0.65
25.41419315,-1.35,0.02,0.62
25.42452908,-1.37,0.08,0.63
25.44117308,-1.44,0.05,0.68
25.44397712,-1.52,-0.03,0.73
25.45352411,-1.63,-0.1,0.79
25.46262026,-1.72,-0.11,0.86
25.47361612,-1.89,-0.06,0.94
25.48285198,-2.07,-0.03,0.99
25.49271917,-2.18,0.04,0.98
25.50240421,-2.28,0.16,0.97
25.51428318,-2.34,0.25,0.99
25.52398515,-2.33,0.34,1.03
25.54037118,-2.29,0.41,1.08
25.54292917,-2.23,0.37,1.12
25.5535183,-2.12,0.31,1.15
25.56229401,-2.01,0.15,1.17
25.57339621,-1.86,-0.06,1.15
25.58256912,-1.66,-0.17,1.02
25.59248519,-1.4,-0.15,0.78
25.60234404,-1.05,0,0.42
25.61427498,-0.63,0.32,-0.04
25.62311029,-0.26,0.8,-0.44
25.64110327,0.26,1.68,-0.82
25.64328814,0.26,1.68,-0.82
25.65354514,0.47,1.93,-0.87
25.66186118,0.53,1.98,-0.85
25.67334032,0.48,1.72,-0.76
25.68232298,0.39,1.14,-0.56
25.69219112,0.3,0.47,-0.31
25.70201111,0.21,-0.1,-0.07
25.7145021,0.12,-0.47,0.14
25.72343612,0.07,-0.7,0.29
25.74113703,0.1,-0.75,0.4
25.74291015,0.1,-0.75,0.4
25.75314116,0.15,-0.61,0.33
25.76224017,0.25,-0.39,0.18
25.77340126,0.39,-0.13,-0.03
25.78193617,0.54,0.14,-0.25
25.79203129,0.68,0.34,-0.41
25.80180717,0.78,0.42,-0.5
25.81458426,0.85,0.36,-0.54
25.8234961,0.93,0.22,-0.57
25.8403163,1.03,0.07,-0.59
25.84264016,1.14,-0.08,-0.61
25.85296297,1.3,-0.27,-0.65
25.86197615,1.49,-0.5,-0.69
25.87249231,1.65,-0.72,-0.69
25.88185716,1.79,-0.86,-0.69
25.89167118,1.88,-0.9,-0.72
25.90160418,1.96,-0.86,-0.73
25.9141221,2.14,-0.7,-0.71
25.92274117,2.33,-0.49,-0.62
25.93922806,2.52,-0.33,-0.48
25.94223928,2.58,-0.34,-0.34
25.95274305,2.51,-0.54,-0.24
25.96172905,2.32,-0.73,-0.15
25.972682,1.99,-0.79,-0.13
25.9814961,1.75,-0.52,-0.24
25.99181509,1.64,0.1,-0.32
26.00140119,1.58,0.69,-0.29
26.01392603,1.39,0.79,-0.25
26.02209711,1.3,0.51,-0.24
26.03964114,1.16,0.21,-0.22
26.04246616,0.98,0.01,-0.17
26.05226898,0.95,0.07,-0.17
26.06166124,0.94,0.31,-0.07
26.07251501,1.03,0.37,0.09
26.08161497,1.11,0.23,0.27
26.09134912,1.18,0.01,0.48
26.10122418,1.18,-0.19,0.71
26.11294699,1.06,-0.31,0.83
26.12187409,0.96,-0.21,0.75
26.13953829,0.77,0.06,0.61
26.14150119,0.64,0.29,0.43
26.15254116,0.56,0.5,0.35
26.16133308,0.44,0.43,0.34
26.17223215,0.33,0.12,0.28
26.18148613,0.18,0.02,0.24
26.19136429,-0.01,-0.03,0.19
26.20114613,-0.17,0.04,0.07
26.21222615,-0.31,0.16,0
26.22204018,-0.42,0.12,-0.04
26.23942709,-0.46,0.04,-0.08
26.24196529,-0.48,-0.02,-0.03
26.25210428,-0.49,-0.17,0.05
26.26124907,-0.55,-0.35,0.11
26.27224922,-0.65,-0.46,0.13
26.28121901,-0.78,-0.44,0.09
26.29111814,-0.86,-0.26,0
26.30109501,-0.92,-0.1,-0.05
26.31254625,-0.98,-0.12,-0.11
26.32220697,-1.01,-0.12,-0.14
26.33910227,-1.07,-0.1,-0.14
26.34211612,-1.13,-0.13,-0.17
26.35199618,-1.22,-0.14,-0.17
26.36080813,-1.37,-0.17,-0.16
26.37201023,-1.47,-0.18,-0.17
26.38084817,-1.53,-0.12,-0.18
26.39132929,-1.61,-0.14,-0.17
26.40066719,-1.71,-0.25,-0.16
26.41220522,-1.78,-0.26,-0.11
26.4213872,-1.86,-0.12,-0.01
26.43916321,-1.91,0.01,0.06
26.44156909,-1.98,0.08,0.14
26.45205927,-2.01,0.1,0.25
26.46092415,-2.03,0.09,0.38
26.4718771,-2.06,0.02,0.52
26.48046613,-2.09,-0.01,0.65
26.49076223,-2.11,0.03,0.8
26.50070906,-2.12,0.09,0.95
26.51241922,-2.11,0.11,1.08
26.52207327,-2.09,0.1,1.17
26.53855109,-2.09,0.05,1.23
26.54080725,-2.07,0.01,1.26
26.55184412,-2,0.03,1.25
26.56036019,-1.82,0.03,1.19
26.57166719,-1.64,-0.01,1.07
26.58027506,-1.43,-0.01,0.91
26.59059811,-1.2,0.04,0.64
26.60054398,-0.92,0.18,0.32
26.61104727,-0.61,0.44,-0.02
26.62124419,-0.26,0.83,-0.36
26.63676405,0.06,1.32,-0.67
26.64115524,0.3,1.82,-0.91
26.65134525,0.49,2.26,-1.08
26.66060925,0.58,2.52,-1.16
26.67113709,0.56,2.53,-1.15
26.68019414,0.45,2.34,-1
26.69060612,0.32,1.97,-0.77
26.7007432,0.14,1.46,-0.53
26.71268916,-0.01,0.92,-0.34
26.72188115,-0.1,0.39,-0.13
26.73770618,-0.19,-0.07,0.03
26.74034119,-0.22,-0.36,0.11
26.75132918,-0.21,-0.42,0.12
26.7602973,-0.16,-0.29,0.09
26.771101,-0.1,-0.1,0.04
26.78012109,-0.04,0.03,-0.01
26.79013109,0.02,0.15,-0.06
26.8000412,0.04,0.29,-0.11
26.8120923,0.05,0.44,-0.15
26.82145023,0.06,0.56,-0.17
26.83876109,0.06,0.52,-0.11
26.84071302,0.06,0.52,-0.11
26.8509891,0.06,0.31,-0.02
26.85998511,0.08,0.05,0.07
26.87082529,0.11,-0.21,0.12
26.87973928,0.14,-0.39,0.12
26.88986826,0.15,-0.45,0.12
26.89948416,0.15,-0.41,0.13
26.91228628,0.13,-0.3,0.14
26.92115211,0.12,-0.16,0.16
26.93753099,0.13,-0.02,0.17
26.94012403,0.14,0.06,0.16
26.95050716,0.14,0.07,0.15
26.9596231,0.16,0.02,0.14
26.97075915,0.19,-0.05,0.12
26.97957897,0.22,-0.15,0.1
26.98984098,0.25,-0.26,0.07
26.99980831,0.31,-0.38,0.06
27.01038718,0.46,-0.51,0.06
27.02049518,0.71,-0.67,0.1
27.0386672,1.06,-1.25,0.09
27.04095125,1.06,-1.25,0.09
27.05079913,1.13,-1.67,0.04
27.05935717,1.13,-2.02,0
27.07065105,1.21,-2.08,-0.06
27.07947612,1.36,-1.76,-0.12
27.08956099,1.55,-1.34,-0.17
27.10032129,1.93,-0.84,-0.25
27.11161804,2.29,-0.47,-0.32
27.12083721,2.49,-0.42,-0.39
27.13767529,2.56,-0.57,-0.4
27.14017725,2.47,-0.8,-0.29
27.15040517,2.44,-0.98,-0.19
27.1595993,2.47,-0.74,-0.06
27.17046809,2.42,-0.24,0.1
27.17927599,2.38,0.11,0.18
27.18937206,2.28,0.16,0.14
27.1993742,2.14,-0.06,-0.02
27.21062613,2.13,-0.05,-0.18
27.21975803,2,0.22,-0.24
27.23738432,1.85,0.3,-0.27
27.23986626,1.65,0.29,-0.29
27.25078821,1.38,0.22,-0.33
27.25913811,1.22,0.28,-0.38
27.27032423,1.18,0.55,-0.39
27.27921009,1.17,0.58,-0.31
27.28955317,1.18,0.36,-0.12
27.29897022,1.14,0.08,0.1
27.31017828,1.13,-0.16,0.24
27.31991005,1,-0.22,0.31
27.33781004,0.71,0.08,-0.01
27.34002614,0.71,0.08,-0.01
27.35003901,0.64,0.4,-0.23
27.35919905,0.67,0.57,-0.31
27.37012911,0.7,0.43,-0.19
27.37925005,0.71,0.11,0.02
27.38909411,0.63,-0.2,0.19
27.39896297,0.47,-0.26,0.23
27.40988207,0.34,-0.1,0.12
27.41967201,0.25,0.21,-0.01
27.43685198,0.16,0.29,-0.07
27.43957806,0.11,0.15,-0.12
27.45013618,0.05,0.12,-0.09
27.45893097,0,0,-0.01
27.47005916,-0.06,-0.07,0.12
27.47884226,-0.11,-0.11,0.26
27.48888922,-0.15,-0.18,0.32
27.49886799,-0.19,-0.18,0.31
27.50969028,-0.22,-0.13,0.26
27.51934719,-0.28,-0.13,0.19
27.53714418,-0.36,-0.18,0.08
27.53955126,-0.44,-0.14,-0.03
27.55005121,-0.5,-0.08,-0.04
27.55835009,-0.56,-0.07,0.04
27.56981897,-0.62,-0.13,0.12
27.57871318,-0.64,-0.25,0.14
27.58870912,-0.66,-0.34,0.11
27.59870315,-0.71,-0.38,0.02
27.610497,-0.77,-0.37,-0.09
27.62020206,-0.84,-0.33,-0.19
27.63689113,-0.88,-0.32,-0.25
27.63959503,-0.92,-0.31,-0.23
27.64946413,-0.98,-0.32,-0.17
27.65850616,-1.03,-0.32,-0.1
27.66945601,-1.1,-0.35,-0.06
27.6784873,-1.17,-0.38,-0.03
27.68851614,-1.25,-0.35,-0.01
27.69834423,-1.29,-0.31,-0.04
27.70935631,-1.31,-0.27,-0.07
27.71911001,-1.33,-0.23,-0.05
27.73608613,-1.36,-0.23,-0.02
27.73845315,-1.43,-0.2,0.04
27.74937201,-1.58,-0.18,0.09
27.75837231,-1.73,-0.18,0.1
27.76926231,-1.85,-0.05,0.11
27.7783711,-1.97,0.1,0.14
27.78815818,-2.04,0.22,0.21
27.79840016,-2.06,0.28,0.33
27.81034422,-2.09,0.22,0.52
27.81972218,-2.18,0.05,0.72
27.83698416,-2.43,-0.25,1.1
27.83917904,-2.43,-0.25,1.1
27.84895802,-2.48,-0.24,1.23
27.85748911,-2.48,-0.1,1.34
27.86930704,-2.41,0.03,1.47
27.87820625,-2.28,0.04,1.59
27.88809013,-2.15,-0.14,1.63
27.89806223,-2,-0.4,1.63
27.90915298,-1.83,-0.7,1.58
27.91865826,-1.65,-1.02,1.44
27.93583822,-1.44,-1.24,1.16
27.93833113,-1.22,-1.21,0.76
27.94953418,-0.91,-0.85,0.35
27.95783019,-0.48,-0.22,-0.01
27.96879315,-0.08,0.47,-0.31
27.97804403,0.2,1,-0.62
27.9882822,0.39,1.32,-0.87
27.99785018,0.46,1.4,-0.97
28.00979328,0.45,1.28,-0.89
28.01939201,0.4,1,-0.67
28.03505707,0.34,0.67,-0.42
28.03777909,0.22,0.36,-0.26
28.04865122,0.03,0.08,-0.16
28.05785131,-0.1,-0.14,-0.02
28.06844521,-0.15,-0.21,0.2
28.07758999,-0.12,-0.14,0.43
28.08755302,-0.04,-0.08,0.54
28.0977571,0.04,-0.06,0.49
28.1088171,0.11,-0.02,0.35
28.11844301,0.2,0.1,0.18
28.13638926,0.37,0.6,-0.07
28.13849616,0.37,0.6,-0.07
28.1484623,0.42,0.84,-0.15
28.15764999,0.46,1.05,-0.19
28.1680851,0.46,1.19,-0.18
28.17747712,0.45,1.23,-0.1
28.18732929,0.41,1.15,0.03
28.19847918,0.39,0.97,0.17
28.20933819,0.37,0.73,0.28
28.21870899,0.34,0.52,0.31
28.23480129,0.31,0.39,0.28
28.23731709,0.31,0.41,0.24
28.24779916,0.31,0.54,0.21
28.25703001,0.31,0.74,0.17
28.26840115,0.29,0.94,0.1
28.27687311,0.29,1.12,0.05
28.28699517,0.29,1.25,-0.01
28.29804015,0.25,1.27,-0.06
28.30919504,0.2,1.18,-0.08
28.31859207,0.15,1,-0.06
28.33647108,0.06,0.61,0.11
28.33821726,0.06,0.61,0.11
28.34847021,0.02,0.48,0.22
28.35701919,-0.04,0.39,0.32
28.36826229,-0.09,0.37,0.41
28.37729931,-0.13,0.41,0.46
28.38725424,-0.14,0.49,0.49
28.39740705,-0.14,0.59,0.48
28.40868211,-0.12,0.67,0.47
28.41845512,-0.09,0.71,0.45
28.43555021,0.02,0.64,0.39
28.43787718,0.02,0.64,0.39
28.4479382,0.06,0.51,0.37
28.4570322,0.11,0.32,0.39
28.4678483,0.14,0.07,0.41
28.47709513,0.16,-0.15,0.42
28.48689413,0.16,-0.29,0.43
28.49657297,0.16,-0.35,0.4
28.50803614,0.15,-0.33,0.35
28.51765513,0.16,-0.23,0.29
28.53480315,0.18,-0.11,0.23
28.5368011,0.18,0,0.18
28.54737115,0.18,0.04,0.15
28.55685806,0.19,0.02,0.13
28.56754303,0.19,-0.04,0.1
28.57711506,0.17,-0.09,0.08
28.58752108,0.14,-0.12,0.05
28.59741712,0.11,-0.13,0
28.60883617,0.09,-0.09,-0.05
28.6181972,0.06,-0.03,-0.09
28.63453817,0.04,0.02,-0.12
28.63687229,0.03,0.04,-0.13
28.64730024,0.03,0.03,-0.14
28.65661311,0.04,0.01,-0.17
28.66706324,0.05,-0.01,-0.2
28.67609811,0.05,-0.02,-0.22
28.68618631,0.05,-0.02,-0.23
28.69671297,0.05,0,-0.25
28.70855427,0.04,0.03,-0.28
28.71814013,0.03,0.08,-0.31
28.73538923,0.02,0.16,-0.35
28.73698997,0.02,0.16,-0.35
28.747262,0.02,0.17,-0.38
28.75607824,0.02,0.19,-0.42
28.76721811,0.02,0.21,-0.44
28.77658606,0.01,0.24,-0.45
28.78727818,-0.01,0.26,-0.44
28.79713297,-0.03,0.26,-0.43
28.80814815,-0.05,0.26,-0.41
28.81766701,-0.08,0.26,-0.4
28.83358717,-0.11,0.28,-0.38
28.835989,-0.13,0.29,-0.38
28.84728718,-0.15,0.29,-0.37
28.85639,-0.16,0.27,-0.37
28.8670311,-0.17,0.24,-0.36
28.876019,-0.17,0.21,-0.34
28.88579512,-0.16,0.17,-0.32
28.89653015,-0.14,0.12,-0.3
28.90725708,-0.12,0.05,-0.27
28.9180131,-0.09,-0.02,-0.26
28.93454599,-0.06,-0.08,-0.25
28.93695831,-0.04,-0.12,-0.24
28.94685602,-0.02,-0.13,-0.24
28.95580411,0,-0.13,-0.25
28.96693707,0.01,-0.13,-0.24
28.9757781,0.01,-0.14,-0.24
28.98581409,0.02,-0.15,-0.24
28.99646902,0.03,-0.18,-0.24
29.00792408,0.04,-0.21,-0.23
29.0176053,0.05,-0.24,-0.22
29.03462911,0.07,-0.22,-0.23
29.03663015,0.07,-0.22,-0.23
29.04699111,0.08,-0.14,-0.27
29.0557301,0.1,-0.04,-0.31
29.06680417,0.12,0.07,-0.34
29.07568598,0.14,0.14,-0.35
29.08590317,0.17,0.17,-0.34
29.09592414,0.19,0.14,-0.3
29.10670519,0.22,0.07,-0.24
29.11718321,0.27,-0.04,-0.17
29.13426614,0.31,-0.15,-0.12
29.13690019,0.33,-0.24,-0.09
29.14692497,0.35,-0.26,-0.09
29.15579319,0.37,-0.23,-0.12
29.1660831,0.37,-0.16,-0.16
29.17576718,0.38,-0.07,-0.19
29.18565321,0.39,0.02,-0.22
29.19613719,0.38,0.09,-0.24
29.20743704,0.36,0.13,-0.26
29.21670532,0.35,0.15,-0.28
29.23339319,0.33,0.16,-0.3
29.23602915,0.3,0.15,-0.32
29.24660516,0.28,0.18,-0.34
29.25558615,0.26,0.22,-0.36
29.26627302,0.24,0.26,-0.37
29.27531719,0.23,0.31,-0.37
29.28536606,0.22,0.34,-0.35
29.29532313,0.2,0.35,-0.32
29.30760622,0.17,0.35,-0.28
29.31669903,0.16,0.35,-0.23
29.33352423,0.17,0.36,-0.21
29.33591032,0.2,0.32,-0.19
29.34632111,0.22,0.24,-0.19
29.35545826,0.23,0.15,-0.19
29.36574221,0.24,0.06,-0.19
29.3753562,0.25,0.01,-0.19
29.38480902,0.25,-0.01,-0.19
29.39538908,0.25,-0.04,-0.19
29.40736818,0.23,-0.09,-0.19
29.41640115,0.2,-0.16,-0.19
29.43419218,0.17,-0.17,-0.15
29.43637514,0.17,-0.17,-0.15
29.44604301,0.15,-0.14,-0.11
29.455194,0.12,-0.12,-0.07
29.46607304,0.11,-0.1,-0.04
29.47476411,0.09,-0.08,-0.04
29.48491716,0.1,-0.03,-0.05
29.49488926,0.09,0.02,-0.06
29.505826,0.09,0.06,-0.08
29.51577806,0.07,0.11,-0.12
29.52569103,0.06,0.17,-0.15
29.53521299,0.05,0.2,-0.17
29.54591703,0.04,0.19,-0.16
29.55449414,0.04,0.11,-0.14
29.56615114,0.03,0,-0.1
29.57495308,0.02,-0.09,-0.07
29.5844903,0.02,-0.12,-0.05
29.59451914,0.02,-0.11,-0.06
29.60688019,0.03,-0.08,-0.08
29.6159842,0.03,-0.07,-0.1
29.63271523,0.01,-0.07,-0.12
29.63504028,0.01,-0.05,-0.12
29.6455493,0.02,-0.04,-0.12
29.65455198,0.01,-0.06,-0.1
29.66567802,0.02,-0.1,-0.1
29.67473602,0.04,-0.14,-0.1
29.68414927,0.04,-0.19,-0.1
29.69420099,0.04,-0.22,-0.09
29.70683432,0.06,-0.22,-0.08
29.71552324,0.06,-0.22,-0.07
29.73238015,0.06,-0.22,-0.06
29.73492312,0.07,-0.24,-0.05
29.74531913,0.08,-0.28,-0.05
29.7541821,0.08,-0.35,-0.06
29.7651751,0.05,-0.4,-0.06
29.77481699,0.02,-0.43,-0.07
29.7846992,0,-0.39,-0.09
29.79545832,-0.03,-0.33,-0.1
29.80610704,-0.05,-0.27,-0.1
29.81583929,-0.06,-0.24,-0.1
29.8328681,-0.05,-0.25,-0.1
29.83495426,-0.05,-0.3,-0.1
29.84553623,-0.04,-0.36,-0.09
29.85415506,-0.02,-0.41,-0.08
29.86510324,-0.01,-0.46,-0.07
29.87387919,-0.01,-0.51,-0.07
29.88428497,0,-0.54,-0.09
29.89385414,0,-0.55,-0.11
29.9060173,0,-0.54,-0.15
29.91581106,0.02,-0.5,-0.17
29.9330771,-0.04,-0.46,-0.21
29.93539429,-0.04,-0.46,-0.21
29.94544601,-0.06,-0.42,-0.23
29.9543612,-0.09,-0.36,-0.25
29.96494913,-0.11,-0.27,-0.27
29.97401309,-0.09,-0.19,-0.29
29.98396921,-0.1,-0.16,-0.3
29.99409628,-0.1,-0.23,-0.3
30.00605106,-0.06,-0.36,-0.29 